## Footprint report - date 2026-03-15T09:47:34+0800
## Created by KiCad version 9.0.7
## Unit = mm, Angle = deg.

$BeginDESCRIPTION

$BOARD
upper_left_corner -11.550000  1.860000
lower_right_corner 322.080000 211.920000
$EndBOARD

$MODULE -_1
footprint ScottoKeebs_Hotswap:Hotswap_MX_1.00u
attribut smd
position 238.570000 88.350000  orientation 0.00
layer front
$PAD ""
Shape Circle Layer both
position -5.080000  0.000000  size  1.750000  1.750000  orientation 0.00
drill  1.750000
shape_offset  0.000000  0.000000
$EndPAD
$PAD ""
Shape Circle Layer both
position -3.810000 -2.540000  size  3.050000  3.050000  orientation 0.00
drill  3.050000
shape_offset  0.000000  0.000000
$EndPAD
$PAD ""
Shape Circle Layer both
position  0.000000  0.000000  size  4.000000  4.000000  orientation 0.00
drill  4.000000
shape_offset  0.000000  0.000000
$EndPAD
$PAD ""
Shape Circle Layer both
position  2.540000 -5.080000  size  3.050000  3.050000  orientation 0.00
drill  3.050000
shape_offset  0.000000  0.000000
$EndPAD
$PAD ""
Shape Circle Layer both
position  5.080000  0.000000  size  1.750000  1.750000  orientation 0.00
drill  1.750000
shape_offset  0.000000  0.000000
$EndPAD
$PAD "1"
Shape Roundrect Layer back
position -7.085000 -2.540000  size  2.550000  2.500000  orientation 0.00
drill  0.000000
shape_offset  0.000000  0.000000
$EndPAD
$PAD "2"
Shape Roundrect Layer back
position  5.842000 -5.080000  size  2.550000  2.500000  orientation 0.00
drill  0.000000
shape_offset  0.000000  0.000000
$EndPAD
$EndMODULE  -_1

$MODULE -_D1
footprint Diode_SMD:D_SMA
attribut smd
position 245.900000 94.250000  orientation 90.00
layer back
$PAD "1"
Shape Roundrect Layer back
position -2.000000  0.000000  size  2.500000  1.800000  orientation 0.00
drill  0.000000
shape_offset  0.000000  0.000000
$EndPAD
$PAD "2"
Shape Roundrect Layer back
position  2.000000  0.000000  size  2.500000  1.800000  orientation 0.00
drill  0.000000
shape_offset  0.000000  0.000000
$EndPAD
$EndMODULE  -_D1

$MODULE 0)1
footprint ScottoKeebs_Hotswap:Hotswap_MX_1.00u
attribut smd
position 219.520000 88.350000  orientation 0.00
layer front
$PAD ""
Shape Circle Layer both
position -5.080000  0.000000  size  1.750000  1.750000  orientation 0.00
drill  1.750000
shape_offset  0.000000  0.000000
$EndPAD
$PAD ""
Shape Circle Layer both
position -3.810000 -2.540000  size  3.050000  3.050000  orientation 0.00
drill  3.050000
shape_offset  0.000000  0.000000
$EndPAD
$PAD ""
Shape Circle Layer both
position  0.000000  0.000000  size  4.000000  4.000000  orientation 0.00
drill  4.000000
shape_offset  0.000000  0.000000
$EndPAD
$PAD ""
Shape Circle Layer both
position  2.540000 -5.080000  size  3.050000  3.050000  orientation 0.00
drill  3.050000
shape_offset  0.000000  0.000000
$EndPAD
$PAD ""
Shape Circle Layer both
position  5.080000  0.000000  size  1.750000  1.750000  orientation 0.00
drill  1.750000
shape_offset  0.000000  0.000000
$EndPAD
$PAD "1"
Shape Roundrect Layer back
position -7.085000 -2.540000  size  2.550000  2.500000  orientation 0.00
drill  0.000000
shape_offset  0.000000  0.000000
$EndPAD
$PAD "2"
Shape Roundrect Layer back
position  5.842000 -5.080000  size  2.550000  2.500000  orientation 0.00
drill  0.000000
shape_offset  0.000000  0.000000
$EndPAD
$EndMODULE  0)1

$MODULE 0)D1
footprint Diode_SMD:D_SMA
attribut smd
position 226.850000 94.250000  orientation 90.00
layer back
$PAD "1"
Shape Roundrect Layer back
position -2.000000  0.000000  size  2.500000  1.800000  orientation 0.00
drill  0.000000
shape_offset  0.000000  0.000000
$EndPAD
$PAD "2"
Shape Roundrect Layer back
position  2.000000  0.000000  size  2.500000  1.800000  orientation 0.00
drill  0.000000
shape_offset  0.000000  0.000000
$EndPAD
$EndMODULE  0)D1

$MODULE 1!1
footprint ScottoKeebs_Hotswap:Hotswap_MX_1.00u
attribut smd
position 48.070000 88.350000  orientation 0.00
layer front
$PAD ""
Shape Circle Layer both
position -5.080000  0.000000  size  1.750000  1.750000  orientation 0.00
drill  1.750000
shape_offset  0.000000  0.000000
$EndPAD
$PAD ""
Shape Circle Layer both
position -3.810000 -2.540000  size  3.050000  3.050000  orientation 0.00
drill  3.050000
shape_offset  0.000000  0.000000
$EndPAD
$PAD ""
Shape Circle Layer both
position  0.000000  0.000000  size  4.000000  4.000000  orientation 0.00
drill  4.000000
shape_offset  0.000000  0.000000
$EndPAD
$PAD ""
Shape Circle Layer both
position  2.540000 -5.080000  size  3.050000  3.050000  orientation 0.00
drill  3.050000
shape_offset  0.000000  0.000000
$EndPAD
$PAD ""
Shape Circle Layer both
position  5.080000  0.000000  size  1.750000  1.750000  orientation 0.00
drill  1.750000
shape_offset  0.000000  0.000000
$EndPAD
$PAD "1"
Shape Roundrect Layer back
position -7.085000 -2.540000  size  2.550000  2.500000  orientation 0.00
drill  0.000000
shape_offset  0.000000  0.000000
$EndPAD
$PAD "2"
Shape Roundrect Layer back
position  5.842000 -5.080000  size  2.550000  2.500000  orientation 0.00
drill  0.000000
shape_offset  0.000000  0.000000
$EndPAD
$EndMODULE  1!1

$MODULE 1!D1
footprint Diode_SMD:D_SMA
attribut smd
position 55.400000 94.050000  orientation 90.00
layer back
$PAD "1"
Shape Roundrect Layer back
position -2.000000  0.000000  size  2.500000  1.800000  orientation 0.00
drill  0.000000
shape_offset  0.000000  0.000000
$EndPAD
$PAD "2"
Shape Roundrect Layer back
position  2.000000  0.000000  size  2.500000  1.800000  orientation 0.00
drill  0.000000
shape_offset  0.000000  0.000000
$EndPAD
$EndMODULE  1!D1

$MODULE 2@1
footprint ScottoKeebs_Hotswap:Hotswap_MX_1.00u
attribut smd
position 67.120000 88.350000  orientation 0.00
layer front
$PAD ""
Shape Circle Layer both
position -5.080000  0.000000  size  1.750000  1.750000  orientation 0.00
drill  1.750000
shape_offset  0.000000  0.000000
$EndPAD
$PAD ""
Shape Circle Layer both
position -3.810000 -2.540000  size  3.050000  3.050000  orientation 0.00
drill  3.050000
shape_offset  0.000000  0.000000
$EndPAD
$PAD ""
Shape Circle Layer both
position  0.000000  0.000000  size  4.000000  4.000000  orientation 0.00
drill  4.000000
shape_offset  0.000000  0.000000
$EndPAD
$PAD ""
Shape Circle Layer both
position  2.540000 -5.080000  size  3.050000  3.050000  orientation 0.00
drill  3.050000
shape_offset  0.000000  0.000000
$EndPAD
$PAD ""
Shape Circle Layer both
position  5.080000  0.000000  size  1.750000  1.750000  orientation 0.00
drill  1.750000
shape_offset  0.000000  0.000000
$EndPAD
$PAD "1"
Shape Roundrect Layer back
position -7.085000 -2.540000  size  2.550000  2.500000  orientation 0.00
drill  0.000000
shape_offset  0.000000  0.000000
$EndPAD
$PAD "2"
Shape Roundrect Layer back
position  5.842000 -5.080000  size  2.550000  2.500000  orientation 0.00
drill  0.000000
shape_offset  0.000000  0.000000
$EndPAD
$EndMODULE  2@1

$MODULE 2@D1
footprint Diode_SMD:D_SMA
attribut smd
position 74.450000 94.050000  orientation 90.00
layer back
$PAD "1"
Shape Roundrect Layer back
position -2.000000  0.000000  size  2.500000  1.800000  orientation 0.00
drill  0.000000
shape_offset  0.000000  0.000000
$EndPAD
$PAD "2"
Shape Roundrect Layer back
position  2.000000  0.000000  size  2.500000  1.800000  orientation 0.00
drill  0.000000
shape_offset  0.000000  0.000000
$EndPAD
$EndMODULE  2@D1

$MODULE 3#1
footprint ScottoKeebs_Hotswap:Hotswap_MX_1.00u
attribut smd
position 86.170000 88.350000  orientation 0.00
layer front
$PAD ""
Shape Circle Layer both
position -5.080000  0.000000  size  1.750000  1.750000  orientation 0.00
drill  1.750000
shape_offset  0.000000  0.000000
$EndPAD
$PAD ""
Shape Circle Layer both
position -3.810000 -2.540000  size  3.050000  3.050000  orientation 0.00
drill  3.050000
shape_offset  0.000000  0.000000
$EndPAD
$PAD ""
Shape Circle Layer both
position  0.000000  0.000000  size  4.000000  4.000000  orientation 0.00
drill  4.000000
shape_offset  0.000000  0.000000
$EndPAD
$PAD ""
Shape Circle Layer both
position  2.540000 -5.080000  size  3.050000  3.050000  orientation 0.00
drill  3.050000
shape_offset  0.000000  0.000000
$EndPAD
$PAD ""
Shape Circle Layer both
position  5.080000  0.000000  size  1.750000  1.750000  orientation 0.00
drill  1.750000
shape_offset  0.000000  0.000000
$EndPAD
$PAD "1"
Shape Roundrect Layer back
position -7.085000 -2.540000  size  2.550000  2.500000  orientation 0.00
drill  0.000000
shape_offset  0.000000  0.000000
$EndPAD
$PAD "2"
Shape Roundrect Layer back
position  5.842000 -5.080000  size  2.550000  2.500000  orientation 0.00
drill  0.000000
shape_offset  0.000000  0.000000
$EndPAD
$EndMODULE  3#1

$MODULE 3#D1
footprint Diode_SMD:D_SMA
attribut smd
position 93.500000 94.250000  orientation 90.00
layer back
$PAD "1"
Shape Roundrect Layer back
position -2.000000  0.000000  size  2.500000  1.800000  orientation 0.00
drill  0.000000
shape_offset  0.000000  0.000000
$EndPAD
$PAD "2"
Shape Roundrect Layer back
position  2.000000  0.000000  size  2.500000  1.800000  orientation 0.00
drill  0.000000
shape_offset  0.000000  0.000000
$EndPAD
$EndMODULE  3#D1

$MODULE 4$1
footprint ScottoKeebs_Hotswap:Hotswap_MX_1.00u
attribut smd
position 105.220000 88.350000  orientation 0.00
layer front
$PAD ""
Shape Circle Layer both
position -5.080000  0.000000  size  1.750000  1.750000  orientation 0.00
drill  1.750000
shape_offset  0.000000  0.000000
$EndPAD
$PAD ""
Shape Circle Layer both
position -3.810000 -2.540000  size  3.050000  3.050000  orientation 0.00
drill  3.050000
shape_offset  0.000000  0.000000
$EndPAD
$PAD ""
Shape Circle Layer both
position  0.000000  0.000000  size  4.000000  4.000000  orientation 0.00
drill  4.000000
shape_offset  0.000000  0.000000
$EndPAD
$PAD ""
Shape Circle Layer both
position  2.540000 -5.080000  size  3.050000  3.050000  orientation 0.00
drill  3.050000
shape_offset  0.000000  0.000000
$EndPAD
$PAD ""
Shape Circle Layer both
position  5.080000  0.000000  size  1.750000  1.750000  orientation 0.00
drill  1.750000
shape_offset  0.000000  0.000000
$EndPAD
$PAD "1"
Shape Roundrect Layer back
position -7.085000 -2.540000  size  2.550000  2.500000  orientation 0.00
drill  0.000000
shape_offset  0.000000  0.000000
$EndPAD
$PAD "2"
Shape Roundrect Layer back
position  5.842000 -5.080000  size  2.550000  2.500000  orientation 0.00
drill  0.000000
shape_offset  0.000000  0.000000
$EndPAD
$EndMODULE  4$1

$MODULE 4$D1
footprint Diode_SMD:D_SMA
attribut smd
position 112.550000 94.250000  orientation 90.00
layer back
$PAD "1"
Shape Roundrect Layer back
position -2.000000  0.000000  size  2.500000  1.800000  orientation 0.00
drill  0.000000
shape_offset  0.000000  0.000000
$EndPAD
$PAD "2"
Shape Roundrect Layer back
position  2.000000  0.000000  size  2.500000  1.800000  orientation 0.00
drill  0.000000
shape_offset  0.000000  0.000000
$EndPAD
$EndMODULE  4$D1

$MODULE 5%1
footprint ScottoKeebs_Hotswap:Hotswap_MX_1.00u
attribut smd
position 124.270000 88.350000  orientation 0.00
layer front
$PAD ""
Shape Circle Layer both
position -5.080000  0.000000  size  1.750000  1.750000  orientation 0.00
drill  1.750000
shape_offset  0.000000  0.000000
$EndPAD
$PAD ""
Shape Circle Layer both
position -3.810000 -2.540000  size  3.050000  3.050000  orientation 0.00
drill  3.050000
shape_offset  0.000000  0.000000
$EndPAD
$PAD ""
Shape Circle Layer both
position  0.000000  0.000000  size  4.000000  4.000000  orientation 0.00
drill  4.000000
shape_offset  0.000000  0.000000
$EndPAD
$PAD ""
Shape Circle Layer both
position  2.540000 -5.080000  size  3.050000  3.050000  orientation 0.00
drill  3.050000
shape_offset  0.000000  0.000000
$EndPAD
$PAD ""
Shape Circle Layer both
position  5.080000  0.000000  size  1.750000  1.750000  orientation 0.00
drill  1.750000
shape_offset  0.000000  0.000000
$EndPAD
$PAD "1"
Shape Roundrect Layer back
position -7.085000 -2.540000  size  2.550000  2.500000  orientation 0.00
drill  0.000000
shape_offset  0.000000  0.000000
$EndPAD
$PAD "2"
Shape Roundrect Layer back
position  5.842000 -5.080000  size  2.550000  2.500000  orientation 0.00
drill  0.000000
shape_offset  0.000000  0.000000
$EndPAD
$EndMODULE  5%1

$MODULE 5%D1
footprint Diode_SMD:D_SMA
attribut smd
position 131.600000 94.250000  orientation 90.00
layer back
$PAD "1"
Shape Roundrect Layer back
position -2.000000  0.000000  size  2.500000  1.800000  orientation 0.00
drill  0.000000
shape_offset  0.000000  0.000000
$EndPAD
$PAD "2"
Shape Roundrect Layer back
position  2.000000  0.000000  size  2.500000  1.800000  orientation 0.00
drill  0.000000
shape_offset  0.000000  0.000000
$EndPAD
$EndMODULE  5%D1

$MODULE 6^1
footprint ScottoKeebs_Hotswap:Hotswap_MX_1.00u
attribut smd
position 143.320000 88.350000  orientation 0.00
layer front
$PAD ""
Shape Circle Layer both
position -5.080000  0.000000  size  1.750000  1.750000  orientation 0.00
drill  1.750000
shape_offset  0.000000  0.000000
$EndPAD
$PAD ""
Shape Circle Layer both
position -3.810000 -2.540000  size  3.050000  3.050000  orientation 0.00
drill  3.050000
shape_offset  0.000000  0.000000
$EndPAD
$PAD ""
Shape Circle Layer both
position  0.000000  0.000000  size  4.000000  4.000000  orientation 0.00
drill  4.000000
shape_offset  0.000000  0.000000
$EndPAD
$PAD ""
Shape Circle Layer both
position  2.540000 -5.080000  size  3.050000  3.050000  orientation 0.00
drill  3.050000
shape_offset  0.000000  0.000000
$EndPAD
$PAD ""
Shape Circle Layer both
position  5.080000  0.000000  size  1.750000  1.750000  orientation 0.00
drill  1.750000
shape_offset  0.000000  0.000000
$EndPAD
$PAD "1"
Shape Roundrect Layer back
position -7.085000 -2.540000  size  2.550000  2.500000  orientation 0.00
drill  0.000000
shape_offset  0.000000  0.000000
$EndPAD
$PAD "2"
Shape Roundrect Layer back
position  5.842000 -5.080000  size  2.550000  2.500000  orientation 0.00
drill  0.000000
shape_offset  0.000000  0.000000
$EndPAD
$EndMODULE  6^1

$MODULE 6^D1
footprint Diode_SMD:D_SMA
attribut smd
position 150.650000 94.250000  orientation 90.00
layer back
$PAD "1"
Shape Roundrect Layer back
position -2.000000  0.000000  size  2.500000  1.800000  orientation 0.00
drill  0.000000
shape_offset  0.000000  0.000000
$EndPAD
$PAD "2"
Shape Roundrect Layer back
position  2.000000  0.000000  size  2.500000  1.800000  orientation 0.00
drill  0.000000
shape_offset  0.000000  0.000000
$EndPAD
$EndMODULE  6^D1

$MODULE 7&1
footprint ScottoKeebs_Hotswap:Hotswap_MX_1.00u
attribut smd
position 162.370000 88.350000  orientation 0.00
layer front
$PAD ""
Shape Circle Layer both
position -5.080000  0.000000  size  1.750000  1.750000  orientation 0.00
drill  1.750000
shape_offset  0.000000  0.000000
$EndPAD
$PAD ""
Shape Circle Layer both
position -3.810000 -2.540000  size  3.050000  3.050000  orientation 0.00
drill  3.050000
shape_offset  0.000000  0.000000
$EndPAD
$PAD ""
Shape Circle Layer both
position  0.000000  0.000000  size  4.000000  4.000000  orientation 0.00
drill  4.000000
shape_offset  0.000000  0.000000
$EndPAD
$PAD ""
Shape Circle Layer both
position  2.540000 -5.080000  size  3.050000  3.050000  orientation 0.00
drill  3.050000
shape_offset  0.000000  0.000000
$EndPAD
$PAD ""
Shape Circle Layer both
position  5.080000  0.000000  size  1.750000  1.750000  orientation 0.00
drill  1.750000
shape_offset  0.000000  0.000000
$EndPAD
$PAD "1"
Shape Roundrect Layer back
position -7.085000 -2.540000  size  2.550000  2.500000  orientation 0.00
drill  0.000000
shape_offset  0.000000  0.000000
$EndPAD
$PAD "2"
Shape Roundrect Layer back
position  5.842000 -5.080000  size  2.550000  2.500000  orientation 0.00
drill  0.000000
shape_offset  0.000000  0.000000
$EndPAD
$EndMODULE  7&1

$MODULE 7&D1
footprint Diode_SMD:D_SMA
attribut smd
position 169.700000 94.250000  orientation 90.00
layer back
$PAD "1"
Shape Roundrect Layer back
position -2.000000  0.000000  size  2.500000  1.800000  orientation 0.00
drill  0.000000
shape_offset  0.000000  0.000000
$EndPAD
$PAD "2"
Shape Roundrect Layer back
position  2.000000  0.000000  size  2.500000  1.800000  orientation 0.00
drill  0.000000
shape_offset  0.000000  0.000000
$EndPAD
$EndMODULE  7&D1

$MODULE 8*1
footprint ScottoKeebs_Hotswap:Hotswap_MX_1.00u
attribut smd
position 181.420000 88.350000  orientation 0.00
layer front
$PAD ""
Shape Circle Layer both
position -5.080000  0.000000  size  1.750000  1.750000  orientation 0.00
drill  1.750000
shape_offset  0.000000  0.000000
$EndPAD
$PAD ""
Shape Circle Layer both
position -3.810000 -2.540000  size  3.050000  3.050000  orientation 0.00
drill  3.050000
shape_offset  0.000000  0.000000
$EndPAD
$PAD ""
Shape Circle Layer both
position  0.000000  0.000000  size  4.000000  4.000000  orientation 0.00
drill  4.000000
shape_offset  0.000000  0.000000
$EndPAD
$PAD ""
Shape Circle Layer both
position  2.540000 -5.080000  size  3.050000  3.050000  orientation 0.00
drill  3.050000
shape_offset  0.000000  0.000000
$EndPAD
$PAD ""
Shape Circle Layer both
position  5.080000  0.000000  size  1.750000  1.750000  orientation 0.00
drill  1.750000
shape_offset  0.000000  0.000000
$EndPAD
$PAD "1"
Shape Roundrect Layer back
position -7.085000 -2.540000  size  2.550000  2.500000  orientation 0.00
drill  0.000000
shape_offset  0.000000  0.000000
$EndPAD
$PAD "2"
Shape Roundrect Layer back
position  5.842000 -5.080000  size  2.550000  2.500000  orientation 0.00
drill  0.000000
shape_offset  0.000000  0.000000
$EndPAD
$EndMODULE  8*1

$MODULE 8*D1
footprint Diode_SMD:D_SMA
attribut smd
position 188.750000 94.250000  orientation 90.00
layer back
$PAD "1"
Shape Roundrect Layer back
position -2.000000  0.000000  size  2.500000  1.800000  orientation 0.00
drill  0.000000
shape_offset  0.000000  0.000000
$EndPAD
$PAD "2"
Shape Roundrect Layer back
position  2.000000  0.000000  size  2.500000  1.800000  orientation 0.00
drill  0.000000
shape_offset  0.000000  0.000000
$EndPAD
$EndMODULE  8*D1

$MODULE 9(1
footprint ScottoKeebs_Hotswap:Hotswap_MX_1.00u
attribut smd
position 200.470000 88.350000  orientation 0.00
layer front
$PAD ""
Shape Circle Layer both
position -5.080000  0.000000  size  1.750000  1.750000  orientation 0.00
drill  1.750000
shape_offset  0.000000  0.000000
$EndPAD
$PAD ""
Shape Circle Layer both
position -3.810000 -2.540000  size  3.050000  3.050000  orientation 0.00
drill  3.050000
shape_offset  0.000000  0.000000
$EndPAD
$PAD ""
Shape Circle Layer both
position  0.000000  0.000000  size  4.000000  4.000000  orientation 0.00
drill  4.000000
shape_offset  0.000000  0.000000
$EndPAD
$PAD ""
Shape Circle Layer both
position  2.540000 -5.080000  size  3.050000  3.050000  orientation 0.00
drill  3.050000
shape_offset  0.000000  0.000000
$EndPAD
$PAD ""
Shape Circle Layer both
position  5.080000  0.000000  size  1.750000  1.750000  orientation 0.00
drill  1.750000
shape_offset  0.000000  0.000000
$EndPAD
$PAD "1"
Shape Roundrect Layer back
position -7.085000 -2.540000  size  2.550000  2.500000  orientation 0.00
drill  0.000000
shape_offset  0.000000  0.000000
$EndPAD
$PAD "2"
Shape Roundrect Layer back
position  5.842000 -5.080000  size  2.550000  2.500000  orientation 0.00
drill  0.000000
shape_offset  0.000000  0.000000
$EndPAD
$EndMODULE  9(1

$MODULE 9(D1
footprint Diode_SMD:D_SMA
attribut smd
position 207.800000 94.250000  orientation 90.00
layer back
$PAD "1"
Shape Roundrect Layer back
position -2.000000  0.000000  size  2.500000  1.800000  orientation 0.00
drill  0.000000
shape_offset  0.000000  0.000000
$EndPAD
$PAD "2"
Shape Roundrect Layer back
position  2.000000  0.000000  size  2.500000  1.800000  orientation 0.00
drill  0.000000
shape_offset  0.000000  0.000000
$EndPAD
$EndMODULE  9(D1

$MODULE =+1
footprint ScottoKeebs_Hotswap:Hotswap_MX_1.00u
attribut smd
position 257.620000 88.350000  orientation 0.00
layer front
$PAD ""
Shape Circle Layer both
position -5.080000  0.000000  size  1.750000  1.750000  orientation 0.00
drill  1.750000
shape_offset  0.000000  0.000000
$EndPAD
$PAD ""
Shape Circle Layer both
position -3.810000 -2.540000  size  3.050000  3.050000  orientation 0.00
drill  3.050000
shape_offset  0.000000  0.000000
$EndPAD
$PAD ""
Shape Circle Layer both
position  0.000000  0.000000  size  4.000000  4.000000  orientation 0.00
drill  4.000000
shape_offset  0.000000  0.000000
$EndPAD
$PAD ""
Shape Circle Layer both
position  2.540000 -5.080000  size  3.050000  3.050000  orientation 0.00
drill  3.050000
shape_offset  0.000000  0.000000
$EndPAD
$PAD ""
Shape Circle Layer both
position  5.080000  0.000000  size  1.750000  1.750000  orientation 0.00
drill  1.750000
shape_offset  0.000000  0.000000
$EndPAD
$PAD "1"
Shape Roundrect Layer back
position -7.085000 -2.540000  size  2.550000  2.500000  orientation 0.00
drill  0.000000
shape_offset  0.000000  0.000000
$EndPAD
$PAD "2"
Shape Roundrect Layer back
position  5.842000 -5.080000  size  2.550000  2.500000  orientation 0.00
drill  0.000000
shape_offset  0.000000  0.000000
$EndPAD
$EndMODULE  =+1

$MODULE =+D1
footprint Diode_SMD:D_SMA
attribut smd
position 264.950000 94.250000  orientation 90.00
layer back
$PAD "1"
Shape Roundrect Layer back
position -2.000000  0.000000  size  2.500000  1.800000  orientation 0.00
drill  0.000000
shape_offset  0.000000  0.000000
$EndPAD
$PAD "2"
Shape Roundrect Layer back
position  2.000000  0.000000  size  2.500000  1.800000  orientation 0.00
drill  0.000000
shape_offset  0.000000  0.000000
$EndPAD
$EndMODULE  =+D1

$MODULE Backspace1
footprint ScottoKeebs_Hotswap:Hotswap_MX_1.00u
attribut smd
position 276.670000 88.350000  orientation 0.00
layer front
$PAD ""
Shape Circle Layer both
position -5.080000  0.000000  size  1.750000  1.750000  orientation 0.00
drill  1.750000
shape_offset  0.000000  0.000000
$EndPAD
$PAD ""
Shape Circle Layer both
position -3.810000 -2.540000  size  3.050000  3.050000  orientation 0.00
drill  3.050000
shape_offset  0.000000  0.000000
$EndPAD
$PAD ""
Shape Circle Layer both
position  0.000000  0.000000  size  4.000000  4.000000  orientation 0.00
drill  4.000000
shape_offset  0.000000  0.000000
$EndPAD
$PAD ""
Shape Circle Layer both
position  2.540000 -5.080000  size  3.050000  3.050000  orientation 0.00
drill  3.050000
shape_offset  0.000000  0.000000
$EndPAD
$PAD ""
Shape Circle Layer both
position  5.080000  0.000000  size  1.750000  1.750000  orientation 0.00
drill  1.750000
shape_offset  0.000000  0.000000
$EndPAD
$PAD "1"
Shape Roundrect Layer back
position -7.085000 -2.540000  size  2.550000  2.500000  orientation 0.00
drill  0.000000
shape_offset  0.000000  0.000000
$EndPAD
$PAD "2"
Shape Roundrect Layer back
position  5.842000 -5.080000  size  2.550000  2.500000  orientation 0.00
drill  0.000000
shape_offset  0.000000  0.000000
$EndPAD
$EndMODULE  Backspace1

$MODULE Backspace2
footprint ScottoKeebs_Hotswap:Hotswap_MX_1.00u
attribut smd
position 295.720000 88.350000  orientation 0.00
layer front
$PAD ""
Shape Circle Layer both
position -5.080000  0.000000  size  1.750000  1.750000  orientation 0.00
drill  1.750000
shape_offset  0.000000  0.000000
$EndPAD
$PAD ""
Shape Circle Layer both
position -3.810000 -2.540000  size  3.050000  3.050000  orientation 0.00
drill  3.050000
shape_offset  0.000000  0.000000
$EndPAD
$PAD ""
Shape Circle Layer both
position  0.000000  0.000000  size  4.000000  4.000000  orientation 0.00
drill  4.000000
shape_offset  0.000000  0.000000
$EndPAD
$PAD ""
Shape Circle Layer both
position  2.540000 -5.080000  size  3.050000  3.050000  orientation 0.00
drill  3.050000
shape_offset  0.000000  0.000000
$EndPAD
$PAD ""
Shape Circle Layer both
position  5.080000  0.000000  size  1.750000  1.750000  orientation 0.00
drill  1.750000
shape_offset  0.000000  0.000000
$EndPAD
$PAD "1"
Shape Roundrect Layer back
position -7.085000 -2.540000  size  2.550000  2.500000  orientation 0.00
drill  0.000000
shape_offset  0.000000  0.000000
$EndPAD
$PAD "2"
Shape Roundrect Layer back
position  5.842000 -5.080000  size  2.550000  2.500000  orientation 0.00
drill  0.000000
shape_offset  0.000000  0.000000
$EndPAD
$EndMODULE  Backspace2

$MODULE BackspaceD1
footprint Diode_SMD:D_SMA
attribut smd
position 284.000000 94.250000  orientation 90.00
layer back
$PAD "1"
Shape Roundrect Layer back
position -2.000000  0.000000  size  2.500000  1.800000  orientation 0.00
drill  0.000000
shape_offset  0.000000  0.000000
$EndPAD
$PAD "2"
Shape Roundrect Layer back
position  2.000000  0.000000  size  2.500000  1.800000  orientation 0.00
drill  0.000000
shape_offset  0.000000  0.000000
$EndPAD
$EndMODULE  BackspaceD1

$MODULE BackspaceD2
footprint Diode_SMD:D_SMA
attribut smd
position 303.050000 94.250000  orientation 90.00
layer back
$PAD "1"
Shape Roundrect Layer back
position -2.000000  0.000000  size  2.500000  1.800000  orientation 0.00
drill  0.000000
shape_offset  0.000000  0.000000
$EndPAD
$PAD "2"
Shape Roundrect Layer back
position  2.000000  0.000000  size  2.500000  1.800000  orientation 0.00
drill  0.000000
shape_offset  0.000000  0.000000
$EndPAD
$EndMODULE  BackspaceD2

$MODULE C1
footprint Capacitor_SMD:C_1206_3216Metric
attribut smd
position 202.470000 50.365000  orientation -90.00
layer front
$PAD "1"
Shape Roundrect Layer front
position -1.475000  0.000000  size  1.150000  1.800000  orientation 360.00
drill  0.000000
shape_offset  0.000000  0.000000
$EndPAD
$PAD "2"
Shape Roundrect Layer front
position  1.475000  0.000000  size  1.150000  1.800000  orientation 360.00
drill  0.000000
shape_offset  0.000000  0.000000
$EndPAD
$EndMODULE  C1

$MODULE C2
footprint Capacitor_SMD:C_1206_3216Metric
attribut smd
position 199.120000 50.365000  orientation -90.00
layer front
$PAD "1"
Shape Roundrect Layer front
position -1.475000  0.000000  size  1.150000  1.800000  orientation 360.00
drill  0.000000
shape_offset  0.000000  0.000000
$EndPAD
$PAD "2"
Shape Roundrect Layer front
position  1.475000  0.000000  size  1.150000  1.800000  orientation 360.00
drill  0.000000
shape_offset  0.000000  0.000000
$EndPAD
$EndMODULE  C2

$MODULE C3
footprint Capacitor_SMD:C_1206_3216Metric
attribut smd
position 195.770000 50.365000  orientation -90.00
layer front
$PAD "1"
Shape Roundrect Layer front
position -1.475000  0.000000  size  1.150000  1.800000  orientation 360.00
drill  0.000000
shape_offset  0.000000  0.000000
$EndPAD
$PAD "2"
Shape Roundrect Layer front
position  1.475000  0.000000  size  1.150000  1.800000  orientation 360.00
drill  0.000000
shape_offset  0.000000  0.000000
$EndPAD
$EndMODULE  C3

$MODULE C4
footprint Capacitor_SMD:C_1206_3216Metric
attribut smd
position 192.420000 50.365000  orientation -90.00
layer front
$PAD "1"
Shape Roundrect Layer front
position -1.475000  0.000000  size  1.150000  1.800000  orientation 360.00
drill  0.000000
shape_offset  0.000000  0.000000
$EndPAD
$PAD "2"
Shape Roundrect Layer front
position  1.475000  0.000000  size  1.150000  1.800000  orientation 360.00
drill  0.000000
shape_offset  0.000000  0.000000
$EndPAD
$EndMODULE  C4

$MODULE C5
footprint Capacitor_SMD:C_1206_3216Metric
attribut smd
position 189.070000 50.365000  orientation -90.00
layer front
$PAD "1"
Shape Roundrect Layer front
position -1.475000  0.000000  size  1.150000  1.800000  orientation 360.00
drill  0.000000
shape_offset  0.000000  0.000000
$EndPAD
$PAD "2"
Shape Roundrect Layer front
position  1.475000  0.000000  size  1.150000  1.800000  orientation 360.00
drill  0.000000
shape_offset  0.000000  0.000000
$EndPAD
$EndMODULE  C5

$MODULE C6
footprint Capacitor_SMD:C_1206_3216Metric
attribut smd
position 185.720000 50.365000  orientation -90.00
layer front
$PAD "1"
Shape Roundrect Layer front
position -1.475000  0.000000  size  1.150000  1.800000  orientation 360.00
drill  0.000000
shape_offset  0.000000  0.000000
$EndPAD
$PAD "2"
Shape Roundrect Layer front
position  1.475000  0.000000  size  1.150000  1.800000  orientation 360.00
drill  0.000000
shape_offset  0.000000  0.000000
$EndPAD
$EndMODULE  C6

$MODULE C7
footprint Capacitor_SMD:C_1206_3216Metric
attribut smd
position 182.370000 50.365000  orientation -90.00
layer front
$PAD "1"
Shape Roundrect Layer front
position -1.475000  0.000000  size  1.150000  1.800000  orientation 360.00
drill  0.000000
shape_offset  0.000000  0.000000
$EndPAD
$PAD "2"
Shape Roundrect Layer front
position  1.475000  0.000000  size  1.150000  1.800000  orientation 360.00
drill  0.000000
shape_offset  0.000000  0.000000
$EndPAD
$EndMODULE  C7

$MODULE C8
footprint Capacitor_SMD:C_1206_3216Metric
attribut smd
position 195.770000 44.715000  orientation 90.00
layer front
$PAD "1"
Shape Roundrect Layer front
position -1.475000  0.000000  size  1.150000  1.800000  orientation 0.00
drill  0.000000
shape_offset  0.000000  0.000000
$EndPAD
$PAD "2"
Shape Roundrect Layer front
position  1.475000  0.000000  size  1.150000  1.800000  orientation 0.00
drill  0.000000
shape_offset  0.000000  0.000000
$EndPAD
$EndMODULE  C8

$MODULE C9
footprint Capacitor_SMD:C_1206_3216Metric
attribut smd
position 199.120000 44.715000  orientation 90.00
layer front
$PAD "1"
Shape Roundrect Layer front
position -1.475000  0.000000  size  1.150000  1.800000  orientation 0.00
drill  0.000000
shape_offset  0.000000  0.000000
$EndPAD
$PAD "2"
Shape Roundrect Layer front
position  1.475000  0.000000  size  1.150000  1.800000  orientation 0.00
drill  0.000000
shape_offset  0.000000  0.000000
$EndPAD
$EndMODULE  C9

$MODULE C10
footprint Capacitor_SMD:C_1206_3216Metric
attribut smd
position 169.450000 51.235000  orientation 90.00
layer front
$PAD "1"
Shape Roundrect Layer front
position -1.475000  0.000000  size  1.150000  1.800000  orientation 0.00
drill  0.000000
shape_offset  0.000000  0.000000
$EndPAD
$PAD "2"
Shape Roundrect Layer front
position  1.475000  0.000000  size  1.150000  1.800000  orientation 0.00
drill  0.000000
shape_offset  0.000000  0.000000
$EndPAD
$EndMODULE  C10

$MODULE C11
footprint Capacitor_SMD:C_1206_3216Metric
attribut smd
position 172.800000 51.235000  orientation 90.00
layer front
$PAD "1"
Shape Roundrect Layer front
position -1.475000  0.000000  size  1.150000  1.800000  orientation 0.00
drill  0.000000
shape_offset  0.000000  0.000000
$EndPAD
$PAD "2"
Shape Roundrect Layer front
position  1.475000  0.000000  size  1.150000  1.800000  orientation 0.00
drill  0.000000
shape_offset  0.000000  0.000000
$EndPAD
$EndMODULE  C11

$MODULE C12
footprint Capacitor_SMD:C_1206_3216Metric
attribut smd
position 176.150000 51.235000  orientation 90.00
layer front
$PAD "1"
Shape Roundrect Layer front
position -1.475000  0.000000  size  1.150000  1.800000  orientation 0.00
drill  0.000000
shape_offset  0.000000  0.000000
$EndPAD
$PAD "2"
Shape Roundrect Layer front
position  1.475000  0.000000  size  1.150000  1.800000  orientation 0.00
drill  0.000000
shape_offset  0.000000  0.000000
$EndPAD
$EndMODULE  C12

$MODULE C13
footprint Capacitor_SMD:C_1206_3216Metric
attribut smd
position 103.840476 30.315476  orientation -90.00
layer front
$PAD "1"
Shape Roundrect Layer front
position -1.475000  0.000000  size  1.150000  1.800000  orientation 360.00
drill  0.000000
shape_offset  0.000000  0.000000
$EndPAD
$PAD "2"
Shape Roundrect Layer front
position  1.475000  0.000000  size  1.150000  1.800000  orientation 360.00
drill  0.000000
shape_offset  0.000000  0.000000
$EndPAD
$EndMODULE  C13

$MODULE C14
footprint Capacitor_SMD:C_1206_3216Metric
attribut smd
position 182.370000 44.715000  orientation 90.00
layer front
$PAD "1"
Shape Roundrect Layer front
position -1.475000  0.000000  size  1.150000  1.800000  orientation 0.00
drill  0.000000
shape_offset  0.000000  0.000000
$EndPAD
$PAD "2"
Shape Roundrect Layer front
position  1.475000  0.000000  size  1.150000  1.800000  orientation 0.00
drill  0.000000
shape_offset  0.000000  0.000000
$EndPAD
$EndMODULE  C14

$MODULE C15
footprint Capacitor_SMD:C_0805_2012Metric
attribut smd
position 150.570000 56.530000  orientation 180.00
layer front
$PAD "1"
Shape Roundrect Layer front
position -0.950000  0.000000  size  1.000000  1.450000  orientation 0.00
drill  0.000000
shape_offset  0.000000  0.000000
$EndPAD
$PAD "2"
Shape Roundrect Layer front
position  0.950000  0.000000  size  1.000000  1.450000  orientation 0.00
drill  0.000000
shape_offset  0.000000  0.000000
$EndPAD
$EndMODULE  C15

$MODULE C16
footprint Capacitor_SMD:C_0805_2012Metric
attribut smd
position 150.440000 58.700000  orientation 180.00
layer front
$PAD "1"
Shape Roundrect Layer front
position -0.950000  0.000000  size  1.000000  1.450000  orientation 0.00
drill  0.000000
shape_offset  0.000000  0.000000
$EndPAD
$PAD "2"
Shape Roundrect Layer front
position  0.950000  0.000000  size  1.000000  1.450000  orientation 0.00
drill  0.000000
shape_offset  0.000000  0.000000
$EndPAD
$EndMODULE  C16

$MODULE C17
footprint Capacitor_SMD:C_1206_3216Metric
attribut smd
position 202.470000 44.715000  orientation 90.00
layer front
$PAD "1"
Shape Roundrect Layer front
position -1.475000  0.000000  size  1.150000  1.800000  orientation 0.00
drill  0.000000
shape_offset  0.000000  0.000000
$EndPAD
$PAD "2"
Shape Roundrect Layer front
position  1.475000  0.000000  size  1.150000  1.800000  orientation 0.00
drill  0.000000
shape_offset  0.000000  0.000000
$EndPAD
$EndMODULE  C17

$MODULE C20
footprint Capacitor_SMD:C_0805_2012Metric
attribut smd
position 163.600000 43.480000  orientation 180.00
layer front
$PAD "1"
Shape Roundrect Layer front
position -0.950000  0.000000  size  1.000000  1.450000  orientation 0.00
drill  0.000000
shape_offset  0.000000  0.000000
$EndPAD
$PAD "2"
Shape Roundrect Layer front
position  0.950000  0.000000  size  1.000000  1.450000  orientation 0.00
drill  0.000000
shape_offset  0.000000  0.000000
$EndPAD
$EndMODULE  C20

$MODULE C21
footprint Capacitor_SMD:C_0805_2012Metric
attribut smd
position 168.325000 43.210000  orientation 180.00
layer front
$PAD "1"
Shape Roundrect Layer front
position -0.950000  0.000000  size  1.000000  1.450000  orientation 0.00
drill  0.000000
shape_offset  0.000000  0.000000
$EndPAD
$PAD "2"
Shape Roundrect Layer front
position  0.950000  0.000000  size  1.000000  1.450000  orientation 0.00
drill  0.000000
shape_offset  0.000000  0.000000
$EndPAD
$EndMODULE  C21

$MODULE C22
footprint Capacitor_SMD:C_1206_3216Metric
attribut smd
position 171.595000 32.800000  orientation 180.00
layer back
$PAD "1"
Shape Roundrect Layer back
position -1.475000  0.000000  size  1.150000  1.800000  orientation 0.00
drill  0.000000
shape_offset  0.000000  0.000000
$EndPAD
$PAD "2"
Shape Roundrect Layer back
position  1.475000  0.000000  size  1.150000  1.800000  orientation 0.00
drill  0.000000
shape_offset  0.000000  0.000000
$EndPAD
$EndMODULE  C22

$MODULE C23
footprint Capacitor_SMD:C_1206_3216Metric
attribut smd
position 97.140476 30.315000  orientation 90.00
layer front
$PAD "1"
Shape Roundrect Layer front
position -1.475000  0.000000  size  1.150000  1.800000  orientation 0.00
drill  0.000000
shape_offset  0.000000  0.000000
$EndPAD
$PAD "2"
Shape Roundrect Layer front
position  1.475000  0.000000  size  1.150000  1.800000  orientation 0.00
drill  0.000000
shape_offset  0.000000  0.000000
$EndPAD
$EndMODULE  C23

$MODULE C24
footprint Capacitor_SMD:C_1206_3216Metric
attribut smd
position 100.490476 30.315000  orientation 90.00
layer front
$PAD "1"
Shape Roundrect Layer front
position -1.475000  0.000000  size  1.150000  1.800000  orientation 0.00
drill  0.000000
shape_offset  0.000000  0.000000
$EndPAD
$PAD "2"
Shape Roundrect Layer front
position  1.475000  0.000000  size  1.150000  1.800000  orientation 0.00
drill  0.000000
shape_offset  0.000000  0.000000
$EndPAD
$EndMODULE  C24

$MODULE C25
footprint Capacitor_SMD:C_1206_3216Metric
attribut smd
position 189.070000 44.715000  orientation -90.00
layer front
$PAD "1"
Shape Roundrect Layer front
position -1.475000  0.000000  size  1.150000  1.800000  orientation 360.00
drill  0.000000
shape_offset  0.000000  0.000000
$EndPAD
$PAD "2"
Shape Roundrect Layer front
position  1.475000  0.000000  size  1.150000  1.800000  orientation 360.00
drill  0.000000
shape_offset  0.000000  0.000000
$EndPAD
$EndMODULE  C25

$MODULE C26
footprint Capacitor_SMD:C_1206_3216Metric
attribut smd
position 185.720000 44.715000  orientation -90.00
layer front
$PAD "1"
Shape Roundrect Layer front
position -1.475000  0.000000  size  1.150000  1.800000  orientation 360.00
drill  0.000000
shape_offset  0.000000  0.000000
$EndPAD
$PAD "2"
Shape Roundrect Layer front
position  1.475000  0.000000  size  1.150000  1.800000  orientation 360.00
drill  0.000000
shape_offset  0.000000  0.000000
$EndPAD
$EndMODULE  C26

$MODULE C27
footprint Capacitor_SMD:C_1206_3216Metric
attribut smd
position 192.420000 44.715000  orientation -90.00
layer front
$PAD "1"
Shape Roundrect Layer front
position -1.475000  0.000000  size  1.150000  1.800000  orientation 360.00
drill  0.000000
shape_offset  0.000000  0.000000
$EndPAD
$PAD "2"
Shape Roundrect Layer front
position  1.475000  0.000000  size  1.150000  1.800000  orientation 360.00
drill  0.000000
shape_offset  0.000000  0.000000
$EndPAD
$EndMODULE  C27

$MODULE Caps Lock
footprint Green_LED:0603
attribut smd
position 268.660000 40.630000  orientation 180.00
layer front
$PAD "1"
Shape Rect Layer front
position -0.850000  0.000000  size  1.100000  1.000000  orientation 0.00
drill  0.000000
shape_offset  0.000000  0.000000
$EndPAD
$PAD "2"
Shape Rect Layer front
position  0.850000  0.000000  size  1.100000  1.000000  orientation 0.00
drill  0.000000
shape_offset  0.000000  0.000000
$EndPAD
$EndMODULE  Caps Lock

$MODULE Command1
footprint ScottoKeebs_Hotswap:Hotswap_MX_1.00u
attribut smd
position 86.170000 164.550000  orientation 0.00
layer front
$PAD ""
Shape Circle Layer both
position -5.080000  0.000000  size  1.750000  1.750000  orientation 0.00
drill  1.750000
shape_offset  0.000000  0.000000
$EndPAD
$PAD ""
Shape Circle Layer both
position -3.810000 -2.540000  size  3.050000  3.050000  orientation 0.00
drill  3.050000
shape_offset  0.000000  0.000000
$EndPAD
$PAD ""
Shape Circle Layer both
position  0.000000  0.000000  size  4.000000  4.000000  orientation 0.00
drill  4.000000
shape_offset  0.000000  0.000000
$EndPAD
$PAD ""
Shape Circle Layer both
position  2.540000 -5.080000  size  3.050000  3.050000  orientation 0.00
drill  3.050000
shape_offset  0.000000  0.000000
$EndPAD
$PAD ""
Shape Circle Layer both
position  5.080000  0.000000  size  1.750000  1.750000  orientation 0.00
drill  1.750000
shape_offset  0.000000  0.000000
$EndPAD
$PAD "1"
Shape Roundrect Layer back
position -7.085000 -2.540000  size  2.550000  2.500000  orientation 0.00
drill  0.000000
shape_offset  0.000000  0.000000
$EndPAD
$PAD "2"
Shape Roundrect Layer back
position  5.842000 -5.080000  size  2.550000  2.500000  orientation 0.00
drill  0.000000
shape_offset  0.000000  0.000000
$EndPAD
$EndMODULE  Command1

$MODULE Command2
footprint ScottoKeebs_Hotswap:Hotswap_MX_1.00u
attribut smd
position 219.521000 164.550000  orientation 0.00
layer front
$PAD ""
Shape Circle Layer both
position -5.080000  0.000000  size  1.750000  1.750000  orientation 0.00
drill  1.750000
shape_offset  0.000000  0.000000
$EndPAD
$PAD ""
Shape Circle Layer both
position -3.810000 -2.540000  size  3.050000  3.050000  orientation 0.00
drill  3.050000
shape_offset  0.000000  0.000000
$EndPAD
$PAD ""
Shape Circle Layer both
position  0.000000  0.000000  size  4.000000  4.000000  orientation 0.00
drill  4.000000
shape_offset  0.000000  0.000000
$EndPAD
$PAD ""
Shape Circle Layer both
position  2.540000 -5.080000  size  3.050000  3.050000  orientation 0.00
drill  3.050000
shape_offset  0.000000  0.000000
$EndPAD
$PAD ""
Shape Circle Layer both
position  5.080000  0.000000  size  1.750000  1.750000  orientation 0.00
drill  1.750000
shape_offset  0.000000  0.000000
$EndPAD
$PAD "1"
Shape Roundrect Layer back
position -7.085000 -2.540000  size  2.550000  2.500000  orientation 0.00
drill  0.000000
shape_offset  0.000000  0.000000
$EndPAD
$PAD "2"
Shape Roundrect Layer back
position  5.842000 -5.080000  size  2.550000  2.500000  orientation 0.00
drill  0.000000
shape_offset  0.000000  0.000000
$EndPAD
$EndMODULE  Command2

$MODULE Control1
footprint ScottoKeebs_Hotswap:Hotswap_MX_1.00u
attribut smd
position 48.070000 164.550000  orientation 0.00
layer front
$PAD ""
Shape Circle Layer both
position -5.080000  0.000000  size  1.750000  1.750000  orientation 0.00
drill  1.750000
shape_offset  0.000000  0.000000
$EndPAD
$PAD ""
Shape Circle Layer both
position -3.810000 -2.540000  size  3.050000  3.050000  orientation 0.00
drill  3.050000
shape_offset  0.000000  0.000000
$EndPAD
$PAD ""
Shape Circle Layer both
position  0.000000  0.000000  size  4.000000  4.000000  orientation 0.00
drill  4.000000
shape_offset  0.000000  0.000000
$EndPAD
$PAD ""
Shape Circle Layer both
position  2.540000 -5.080000  size  3.050000  3.050000  orientation 0.00
drill  3.050000
shape_offset  0.000000  0.000000
$EndPAD
$PAD ""
Shape Circle Layer both
position  5.080000  0.000000  size  1.750000  1.750000  orientation 0.00
drill  1.750000
shape_offset  0.000000  0.000000
$EndPAD
$PAD "1"
Shape Roundrect Layer back
position -7.085000 -2.540000  size  2.550000  2.500000  orientation 0.00
drill  0.000000
shape_offset  0.000000  0.000000
$EndPAD
$PAD "2"
Shape Roundrect Layer back
position  5.842000 -5.080000  size  2.550000  2.500000  orientation 0.00
drill  0.000000
shape_offset  0.000000  0.000000
$EndPAD
$EndMODULE  Control1

$MODULE D31
footprint Diode_SMD:D_SMA
attribut smd
position 43.460000 113.100000  orientation 90.00
layer back
$PAD "1"
Shape Roundrect Layer back
position -2.000000  0.000000  size  2.500000  1.800000  orientation 0.00
drill  0.000000
shape_offset  0.000000  0.000000
$EndPAD
$PAD "2"
Shape Roundrect Layer back
position  2.000000  0.000000  size  2.500000  1.800000  orientation 0.00
drill  0.000000
shape_offset  0.000000  0.000000
$EndPAD
$EndMODULE  D31

$MODULE D32
footprint Diode_SMD:D_SMA
attribut smd
position 65.450000 113.100000  orientation 90.00
layer back
$PAD "1"
Shape Roundrect Layer back
position -2.000000  0.000000  size  2.500000  1.800000  orientation 0.00
drill  0.000000
shape_offset  0.000000  0.000000
$EndPAD
$PAD "2"
Shape Roundrect Layer back
position  2.000000  0.000000  size  2.500000  1.800000  orientation 0.00
drill  0.000000
shape_offset  0.000000  0.000000
$EndPAD
$EndMODULE  D32

$MODULE D33
footprint Diode_SMD:D_SMA
attribut smd
position 84.500000 113.100000  orientation 90.00
layer back
$PAD "1"
Shape Roundrect Layer back
position -2.000000  0.000000  size  2.500000  1.800000  orientation 0.00
drill  0.000000
shape_offset  0.000000  0.000000
$EndPAD
$PAD "2"
Shape Roundrect Layer back
position  2.000000  0.000000  size  2.500000  1.800000  orientation 0.00
drill  0.000000
shape_offset  0.000000  0.000000
$EndPAD
$EndMODULE  D33

$MODULE D34
footprint Diode_SMD:D_SMA
attribut smd
position 103.550000 113.100000  orientation 90.00
layer back
$PAD "1"
Shape Roundrect Layer back
position -2.000000  0.000000  size  2.500000  1.800000  orientation 0.00
drill  0.000000
shape_offset  0.000000  0.000000
$EndPAD
$PAD "2"
Shape Roundrect Layer back
position  2.000000  0.000000  size  2.500000  1.800000  orientation 0.00
drill  0.000000
shape_offset  0.000000  0.000000
$EndPAD
$EndMODULE  D34

$MODULE D35
footprint Diode_SMD:D_SMA
attribut smd
position 122.600000 113.100000  orientation 90.00
layer back
$PAD "1"
Shape Roundrect Layer back
position -2.000000  0.000000  size  2.500000  1.800000  orientation 0.00
drill  0.000000
shape_offset  0.000000  0.000000
$EndPAD
$PAD "2"
Shape Roundrect Layer back
position  2.000000  0.000000  size  2.500000  1.800000  orientation 0.00
drill  0.000000
shape_offset  0.000000  0.000000
$EndPAD
$EndMODULE  D35

$MODULE D36
footprint Diode_SMD:D_SMA
attribut smd
position 141.650000 113.100000  orientation 90.00
layer back
$PAD "1"
Shape Roundrect Layer back
position -2.000000  0.000000  size  2.500000  1.800000  orientation 0.00
drill  0.000000
shape_offset  0.000000  0.000000
$EndPAD
$PAD "2"
Shape Roundrect Layer back
position  2.000000  0.000000  size  2.500000  1.800000  orientation 0.00
drill  0.000000
shape_offset  0.000000  0.000000
$EndPAD
$EndMODULE  D36

$MODULE D37
footprint Diode_SMD:D_SMA
attribut smd
position 160.700000 113.100000  orientation 90.00
layer back
$PAD "1"
Shape Roundrect Layer back
position -2.000000  0.000000  size  2.500000  1.800000  orientation 0.00
drill  0.000000
shape_offset  0.000000  0.000000
$EndPAD
$PAD "2"
Shape Roundrect Layer back
position  2.000000  0.000000  size  2.500000  1.800000  orientation 0.00
drill  0.000000
shape_offset  0.000000  0.000000
$EndPAD
$EndMODULE  D37

$MODULE D38
footprint Diode_SMD:D_SMA
attribut smd
position 179.750000 113.100000  orientation 90.00
layer back
$PAD "1"
Shape Roundrect Layer back
position -2.000000  0.000000  size  2.500000  1.800000  orientation 0.00
drill  0.000000
shape_offset  0.000000  0.000000
$EndPAD
$PAD "2"
Shape Roundrect Layer back
position  2.000000  0.000000  size  2.500000  1.800000  orientation 0.00
drill  0.000000
shape_offset  0.000000  0.000000
$EndPAD
$EndMODULE  D38

$MODULE D39
footprint Diode_SMD:D_SMA
attribut smd
position 198.800000 113.100000  orientation 90.00
layer back
$PAD "1"
Shape Roundrect Layer back
position -2.000000  0.000000  size  2.500000  1.800000  orientation 0.00
drill  0.000000
shape_offset  0.000000  0.000000
$EndPAD
$PAD "2"
Shape Roundrect Layer back
position  2.000000  0.000000  size  2.500000  1.800000  orientation 0.00
drill  0.000000
shape_offset  0.000000  0.000000
$EndPAD
$EndMODULE  D39

$MODULE D40
footprint Diode_SMD:D_SMA
attribut smd
position 217.850000 113.100000  orientation 90.00
layer back
$PAD "1"
Shape Roundrect Layer back
position -2.000000  0.000000  size  2.500000  1.800000  orientation 0.00
drill  0.000000
shape_offset  0.000000  0.000000
$EndPAD
$PAD "2"
Shape Roundrect Layer back
position  2.000000  0.000000  size  2.500000  1.800000  orientation 0.00
drill  0.000000
shape_offset  0.000000  0.000000
$EndPAD
$EndMODULE  D40

$MODULE D41
footprint Diode_SMD:D_SMA
attribut smd
position 236.900000 113.100000  orientation 90.00
layer back
$PAD "1"
Shape Roundrect Layer back
position -2.000000  0.000000  size  2.500000  1.800000  orientation 0.00
drill  0.000000
shape_offset  0.000000  0.000000
$EndPAD
$PAD "2"
Shape Roundrect Layer back
position  2.000000  0.000000  size  2.500000  1.800000  orientation 0.00
drill  0.000000
shape_offset  0.000000  0.000000
$EndPAD
$EndMODULE  D41

$MODULE D42
footprint Diode_SMD:D_SMA
attribut smd
position 255.950000 113.100000  orientation 90.00
layer back
$PAD "1"
Shape Roundrect Layer back
position -2.000000  0.000000  size  2.500000  1.800000  orientation 0.00
drill  0.000000
shape_offset  0.000000  0.000000
$EndPAD
$PAD "2"
Shape Roundrect Layer back
position  2.000000  0.000000  size  2.500000  1.800000  orientation 0.00
drill  0.000000
shape_offset  0.000000  0.000000
$EndPAD
$EndMODULE  D42

$MODULE D43
footprint Diode_SMD:D_SMA
attribut smd
position 274.100000 113.100000  orientation 90.00
layer back
$PAD "1"
Shape Roundrect Layer back
position -2.000000  0.000000  size  2.500000  1.800000  orientation 0.00
drill  0.000000
shape_offset  0.000000  0.000000
$EndPAD
$PAD "2"
Shape Roundrect Layer back
position  2.000000  0.000000  size  2.500000  1.800000  orientation 0.00
drill  0.000000
shape_offset  0.000000  0.000000
$EndPAD
$EndMODULE  D43

$MODULE D44
footprint Diode_SMD:D_SMA
attribut smd
position 299.150000 113.100000  orientation 90.00
layer back
$PAD "1"
Shape Roundrect Layer back
position -2.000000  0.000000  size  2.500000  1.800000  orientation 0.00
drill  0.000000
shape_offset  0.000000  0.000000
$EndPAD
$PAD "2"
Shape Roundrect Layer back
position  2.000000  0.000000  size  2.500000  1.800000  orientation 0.00
drill  0.000000
shape_offset  0.000000  0.000000
$EndPAD
$EndMODULE  D44

$MODULE D45
footprint Diode_SMD:D_SMA
attribut smd
position 46.780000 132.150000  orientation 90.00
layer back
$PAD "1"
Shape Roundrect Layer back
position -2.000000  0.000000  size  2.500000  1.800000  orientation 0.00
drill  0.000000
shape_offset  0.000000  0.000000
$EndPAD
$PAD "2"
Shape Roundrect Layer back
position  2.000000  0.000000  size  2.500000  1.800000  orientation 0.00
drill  0.000000
shape_offset  0.000000  0.000000
$EndPAD
$EndMODULE  D45

$MODULE D46
footprint Diode_SMD:D_SMA
attribut smd
position 69.480000 132.150000  orientation 90.00
layer back
$PAD "1"
Shape Roundrect Layer back
position -2.000000  0.000000  size  2.500000  1.800000  orientation 0.00
drill  0.000000
shape_offset  0.000000  0.000000
$EndPAD
$PAD "2"
Shape Roundrect Layer back
position  2.000000  0.000000  size  2.500000  1.800000  orientation 0.00
drill  0.000000
shape_offset  0.000000  0.000000
$EndPAD
$EndMODULE  D46

$MODULE D47
footprint Diode_SMD:D_SMA
attribut smd
position 88.530000 132.150000  orientation 90.00
layer back
$PAD "1"
Shape Roundrect Layer back
position -2.000000  0.000000  size  2.500000  1.800000  orientation 0.00
drill  0.000000
shape_offset  0.000000  0.000000
$EndPAD
$PAD "2"
Shape Roundrect Layer back
position  2.000000  0.000000  size  2.500000  1.800000  orientation 0.00
drill  0.000000
shape_offset  0.000000  0.000000
$EndPAD
$EndMODULE  D47

$MODULE D48
footprint Diode_SMD:D_SMA
attribut smd
position 107.580000 132.150000  orientation 90.00
layer back
$PAD "1"
Shape Roundrect Layer back
position -2.000000  0.000000  size  2.500000  1.800000  orientation 0.00
drill  0.000000
shape_offset  0.000000  0.000000
$EndPAD
$PAD "2"
Shape Roundrect Layer back
position  2.000000  0.000000  size  2.500000  1.800000  orientation 0.00
drill  0.000000
shape_offset  0.000000  0.000000
$EndPAD
$EndMODULE  D48

$MODULE D49
footprint Diode_SMD:D_SMA
attribut smd
position 126.630000 132.150000  orientation 90.00
layer back
$PAD "1"
Shape Roundrect Layer back
position -2.000000  0.000000  size  2.500000  1.800000  orientation 0.00
drill  0.000000
shape_offset  0.000000  0.000000
$EndPAD
$PAD "2"
Shape Roundrect Layer back
position  2.000000  0.000000  size  2.500000  1.800000  orientation 0.00
drill  0.000000
shape_offset  0.000000  0.000000
$EndPAD
$EndMODULE  D49

$MODULE D50
footprint Diode_SMD:D_SMA
attribut smd
position 145.680000 132.150000  orientation 90.00
layer back
$PAD "1"
Shape Roundrect Layer back
position -2.000000  0.000000  size  2.500000  1.800000  orientation 0.00
drill  0.000000
shape_offset  0.000000  0.000000
$EndPAD
$PAD "2"
Shape Roundrect Layer back
position  2.000000  0.000000  size  2.500000  1.800000  orientation 0.00
drill  0.000000
shape_offset  0.000000  0.000000
$EndPAD
$EndMODULE  D50

$MODULE D51
footprint Diode_SMD:D_SMA
attribut smd
position 164.730000 132.150000  orientation 90.00
layer back
$PAD "1"
Shape Roundrect Layer back
position -2.000000  0.000000  size  2.500000  1.800000  orientation 0.00
drill  0.000000
shape_offset  0.000000  0.000000
$EndPAD
$PAD "2"
Shape Roundrect Layer back
position  2.000000  0.000000  size  2.500000  1.800000  orientation 0.00
drill  0.000000
shape_offset  0.000000  0.000000
$EndPAD
$EndMODULE  D51

$MODULE D52
footprint Diode_SMD:D_SMA
attribut smd
position 183.780000 132.150000  orientation 90.00
layer back
$PAD "1"
Shape Roundrect Layer back
position -2.000000  0.000000  size  2.500000  1.800000  orientation 0.00
drill  0.000000
shape_offset  0.000000  0.000000
$EndPAD
$PAD "2"
Shape Roundrect Layer back
position  2.000000  0.000000  size  2.500000  1.800000  orientation 0.00
drill  0.000000
shape_offset  0.000000  0.000000
$EndPAD
$EndMODULE  D52

$MODULE D53
footprint Diode_SMD:D_SMA
attribut smd
position 202.830000 132.195000  orientation 90.00
layer back
$PAD "1"
Shape Roundrect Layer back
position -2.000000  0.000000  size  2.500000  1.800000  orientation 0.00
drill  0.000000
shape_offset  0.000000  0.000000
$EndPAD
$PAD "2"
Shape Roundrect Layer back
position  2.000000  0.000000  size  2.500000  1.800000  orientation 0.00
drill  0.000000
shape_offset  0.000000  0.000000
$EndPAD
$EndMODULE  D53

$MODULE D54
footprint Diode_SMD:D_SMA
attribut smd
position 221.880000 132.195000  orientation 90.00
layer back
$PAD "1"
Shape Roundrect Layer back
position -2.000000  0.000000  size  2.500000  1.800000  orientation 0.00
drill  0.000000
shape_offset  0.000000  0.000000
$EndPAD
$PAD "2"
Shape Roundrect Layer back
position  2.000000  0.000000  size  2.500000  1.800000  orientation 0.00
drill  0.000000
shape_offset  0.000000  0.000000
$EndPAD
$EndMODULE  D54

$MODULE D55
footprint Diode_SMD:D_SMA
attribut smd
position 240.930000 132.195000  orientation 90.00
layer back
$PAD "1"
Shape Roundrect Layer back
position -2.000000  0.000000  size  2.500000  1.800000  orientation 0.00
drill  0.000000
shape_offset  0.000000  0.000000
$EndPAD
$PAD "2"
Shape Roundrect Layer back
position  2.000000  0.000000  size  2.500000  1.800000  orientation 0.00
drill  0.000000
shape_offset  0.000000  0.000000
$EndPAD
$EndMODULE  D55

$MODULE D56
footprint Diode_SMD:D_SMA
attribut smd
position 259.980000 132.195000  orientation 90.00
layer back
$PAD "1"
Shape Roundrect Layer back
position -2.000000  0.000000  size  2.500000  1.800000  orientation 0.00
drill  0.000000
shape_offset  0.000000  0.000000
$EndPAD
$PAD "2"
Shape Roundrect Layer back
position  2.000000  0.000000  size  2.500000  1.800000  orientation 0.00
drill  0.000000
shape_offset  0.000000  0.000000
$EndPAD
$EndMODULE  D56

$MODULE D57
footprint Diode_SMD:D_SMA
attribut smd
position 279.030000 132.195000  orientation 90.00
layer back
$PAD "1"
Shape Roundrect Layer back
position -2.000000  0.000000  size  2.500000  1.800000  orientation 0.00
drill  0.000000
shape_offset  0.000000  0.000000
$EndPAD
$PAD "2"
Shape Roundrect Layer back
position  2.000000  0.000000  size  2.500000  1.800000  orientation 0.00
drill  0.000000
shape_offset  0.000000  0.000000
$EndPAD
$EndMODULE  D57

$MODULE D58
footprint Diode_SMD:D_SMA
attribut smd
position 302.080000 132.195000  orientation 90.00
layer back
$PAD "1"
Shape Roundrect Layer back
position -2.000000  0.000000  size  2.500000  1.800000  orientation 0.00
drill  0.000000
shape_offset  0.000000  0.000000
$EndPAD
$PAD "2"
Shape Roundrect Layer back
position  2.000000  0.000000  size  2.500000  1.800000  orientation 0.00
drill  0.000000
shape_offset  0.000000  0.000000
$EndPAD
$EndMODULE  D58

$MODULE D59
footprint Diode_SMD:D_SMA
attribut smd
position 41.120000 151.200000  orientation 90.00
layer back
$PAD "1"
Shape Roundrect Layer back
position -2.000000  0.000000  size  2.500000  1.800000  orientation 0.00
drill  0.000000
shape_offset  0.000000  0.000000
$EndPAD
$PAD "2"
Shape Roundrect Layer back
position  2.000000  0.000000  size  2.500000  1.800000  orientation 0.00
drill  0.000000
shape_offset  0.000000  0.000000
$EndPAD
$EndMODULE  D59

$MODULE D60
footprint Diode_SMD:D_SMA
attribut smd
position 63.140000 151.200000  orientation 90.00
layer back
$PAD "1"
Shape Roundrect Layer back
position -2.000000  0.000000  size  2.500000  1.800000  orientation 0.00
drill  0.000000
shape_offset  0.000000  0.000000
$EndPAD
$PAD "2"
Shape Roundrect Layer back
position  2.000000  0.000000  size  2.500000  1.800000  orientation 0.00
drill  0.000000
shape_offset  0.000000  0.000000
$EndPAD
$EndMODULE  D60

$MODULE D61
footprint Diode_SMD:D_SMA
attribut smd
position 84.040000 151.200000  orientation 90.00
layer back
$PAD "1"
Shape Roundrect Layer back
position -2.000000  0.000000  size  2.500000  1.800000  orientation 0.00
drill  0.000000
shape_offset  0.000000  0.000000
$EndPAD
$PAD "2"
Shape Roundrect Layer back
position  2.000000  0.000000  size  2.500000  1.800000  orientation 0.00
drill  0.000000
shape_offset  0.000000  0.000000
$EndPAD
$EndMODULE  D61

$MODULE D62
footprint Diode_SMD:D_SMA
attribut smd
position 103.090000 151.245000  orientation 90.00
layer back
$PAD "1"
Shape Roundrect Layer back
position -2.000000  0.000000  size  2.500000  1.800000  orientation 0.00
drill  0.000000
shape_offset  0.000000  0.000000
$EndPAD
$PAD "2"
Shape Roundrect Layer back
position  2.000000  0.000000  size  2.500000  1.800000  orientation 0.00
drill  0.000000
shape_offset  0.000000  0.000000
$EndPAD
$EndMODULE  D62

$MODULE D63
footprint Diode_SMD:D_SMA
attribut smd
position 122.140000 151.245000  orientation 90.00
layer back
$PAD "1"
Shape Roundrect Layer back
position -2.000000  0.000000  size  2.500000  1.800000  orientation 0.00
drill  0.000000
shape_offset  0.000000  0.000000
$EndPAD
$PAD "2"
Shape Roundrect Layer back
position  2.000000  0.000000  size  2.500000  1.800000  orientation 0.00
drill  0.000000
shape_offset  0.000000  0.000000
$EndPAD
$EndMODULE  D63

$MODULE D64
footprint Diode_SMD:D_SMA
attribut smd
position 141.190000 151.245000  orientation 90.00
layer back
$PAD "1"
Shape Roundrect Layer back
position -2.000000  0.000000  size  2.500000  1.800000  orientation 0.00
drill  0.000000
shape_offset  0.000000  0.000000
$EndPAD
$PAD "2"
Shape Roundrect Layer back
position  2.000000  0.000000  size  2.500000  1.800000  orientation 0.00
drill  0.000000
shape_offset  0.000000  0.000000
$EndPAD
$EndMODULE  D64

$MODULE D65
footprint Diode_SMD:D_SMA
attribut smd
position 160.240000 151.245000  orientation 90.00
layer back
$PAD "1"
Shape Roundrect Layer back
position -2.000000  0.000000  size  2.500000  1.800000  orientation 0.00
drill  0.000000
shape_offset  0.000000  0.000000
$EndPAD
$PAD "2"
Shape Roundrect Layer back
position  2.000000  0.000000  size  2.500000  1.800000  orientation 0.00
drill  0.000000
shape_offset  0.000000  0.000000
$EndPAD
$EndMODULE  D65

$MODULE D66
footprint Diode_SMD:D_SMA
attribut smd
position 179.290000 151.245000  orientation 90.00
layer back
$PAD "1"
Shape Roundrect Layer back
position -2.000000  0.000000  size  2.500000  1.800000  orientation 0.00
drill  0.000000
shape_offset  0.000000  0.000000
$EndPAD
$PAD "2"
Shape Roundrect Layer back
position  2.000000  0.000000  size  2.500000  1.800000  orientation 0.00
drill  0.000000
shape_offset  0.000000  0.000000
$EndPAD
$EndMODULE  D66

$MODULE D67
footprint Diode_SMD:D_SMA
attribut smd
position 198.340000 151.245000  orientation 90.00
layer back
$PAD "1"
Shape Roundrect Layer back
position -2.000000  0.000000  size  2.500000  1.800000  orientation 0.00
drill  0.000000
shape_offset  0.000000  0.000000
$EndPAD
$PAD "2"
Shape Roundrect Layer back
position  2.000000  0.000000  size  2.500000  1.800000  orientation 0.00
drill  0.000000
shape_offset  0.000000  0.000000
$EndPAD
$EndMODULE  D67

$MODULE D68
footprint Diode_SMD:D_SMA
attribut smd
position 217.390000 151.245000  orientation 90.00
layer back
$PAD "1"
Shape Roundrect Layer back
position -2.000000  0.000000  size  2.500000  1.800000  orientation 0.00
drill  0.000000
shape_offset  0.000000  0.000000
$EndPAD
$PAD "2"
Shape Roundrect Layer back
position  2.000000  0.000000  size  2.500000  1.800000  orientation 0.00
drill  0.000000
shape_offset  0.000000  0.000000
$EndPAD
$EndMODULE  D68

$MODULE D69
footprint Diode_SMD:D_SMA
attribut smd
position 236.440000 151.245000  orientation 90.00
layer back
$PAD "1"
Shape Roundrect Layer back
position -2.000000  0.000000  size  2.500000  1.800000  orientation 0.00
drill  0.000000
shape_offset  0.000000  0.000000
$EndPAD
$PAD "2"
Shape Roundrect Layer back
position  2.000000  0.000000  size  2.500000  1.800000  orientation 0.00
drill  0.000000
shape_offset  0.000000  0.000000
$EndPAD
$EndMODULE  D69

$MODULE D70
footprint Diode_SMD:D_SMA
attribut smd
position 255.490000 151.245000  orientation 90.00
layer back
$PAD "1"
Shape Roundrect Layer back
position -2.000000  0.000000  size  2.500000  1.800000  orientation 0.00
drill  0.000000
shape_offset  0.000000  0.000000
$EndPAD
$PAD "2"
Shape Roundrect Layer back
position  2.000000  0.000000  size  2.500000  1.800000  orientation 0.00
drill  0.000000
shape_offset  0.000000  0.000000
$EndPAD
$EndMODULE  D70

$MODULE D71
footprint Diode_SMD:D_SMA
attribut smd
position 274.540000 151.245000  orientation 90.00
layer back
$PAD "1"
Shape Roundrect Layer back
position -2.000000  0.000000  size  2.500000  1.800000  orientation 0.00
drill  0.000000
shape_offset  0.000000  0.000000
$EndPAD
$PAD "2"
Shape Roundrect Layer back
position  2.000000  0.000000  size  2.500000  1.800000  orientation 0.00
drill  0.000000
shape_offset  0.000000  0.000000
$EndPAD
$EndMODULE  D71

$MODULE D72
footprint Diode_SMD:D_SMA
attribut smd
position 298.590000 151.245000  orientation 90.00
layer back
$PAD "1"
Shape Roundrect Layer back
position -2.000000  0.000000  size  2.500000  1.800000  orientation 0.00
drill  0.000000
shape_offset  0.000000  0.000000
$EndPAD
$PAD "2"
Shape Roundrect Layer back
position  2.000000  0.000000  size  2.500000  1.800000  orientation 0.00
drill  0.000000
shape_offset  0.000000  0.000000
$EndPAD
$EndMODULE  D72

$MODULE D73
footprint Diode_SMD:D_SMA
attribut smd
position 36.350000 170.295000  orientation 90.00
layer back
$PAD "1"
Shape Roundrect Layer back
position -2.000000  0.000000  size  2.500000  1.800000  orientation 0.00
drill  0.000000
shape_offset  0.000000  0.000000
$EndPAD
$PAD "2"
Shape Roundrect Layer back
position  2.000000  0.000000  size  2.500000  1.800000  orientation 0.00
drill  0.000000
shape_offset  0.000000  0.000000
$EndPAD
$EndMODULE  D73

$MODULE D74
footprint Diode_SMD:D_SMA
attribut smd
position 55.400000 170.295000  orientation 90.00
layer back
$PAD "1"
Shape Roundrect Layer back
position -2.000000  0.000000  size  2.500000  1.800000  orientation 0.00
drill  0.000000
shape_offset  0.000000  0.000000
$EndPAD
$PAD "2"
Shape Roundrect Layer back
position  2.000000  0.000000  size  2.500000  1.800000  orientation 0.00
drill  0.000000
shape_offset  0.000000  0.000000
$EndPAD
$EndMODULE  D74

$MODULE D75
footprint Diode_SMD:D_SMA
attribut smd
position 74.450000 170.295000  orientation 90.00
layer back
$PAD "1"
Shape Roundrect Layer back
position -2.000000  0.000000  size  2.500000  1.800000  orientation 0.00
drill  0.000000
shape_offset  0.000000  0.000000
$EndPAD
$PAD "2"
Shape Roundrect Layer back
position  2.000000  0.000000  size  2.500000  1.800000  orientation 0.00
drill  0.000000
shape_offset  0.000000  0.000000
$EndPAD
$EndMODULE  D75

$MODULE D76
footprint Diode_SMD:D_SMA
attribut smd
position 93.500000 170.295000  orientation 90.00
layer back
$PAD "1"
Shape Roundrect Layer back
position -2.000000  0.000000  size  2.500000  1.800000  orientation 0.00
drill  0.000000
shape_offset  0.000000  0.000000
$EndPAD
$PAD "2"
Shape Roundrect Layer back
position  2.000000  0.000000  size  2.500000  1.800000  orientation 0.00
drill  0.000000
shape_offset  0.000000  0.000000
$EndPAD
$EndMODULE  D76

$MODULE D77
footprint Diode_SMD:D_SMA
attribut smd
position 117.550000 170.295000  orientation 90.00
layer back
$PAD "1"
Shape Roundrect Layer back
position -2.000000  0.000000  size  2.500000  1.800000  orientation 0.00
drill  0.000000
shape_offset  0.000000  0.000000
$EndPAD
$PAD "2"
Shape Roundrect Layer back
position  2.000000  0.000000  size  2.500000  1.800000  orientation 0.00
drill  0.000000
shape_offset  0.000000  0.000000
$EndPAD
$EndMODULE  D77

$MODULE D78
footprint Diode_SMD:D_SMA
attribut smd
position 146.600000 170.295000  orientation 90.00
layer back
$PAD "1"
Shape Roundrect Layer back
position -2.000000  0.000000  size  2.500000  1.800000  orientation 0.00
drill  0.000000
shape_offset  0.000000  0.000000
$EndPAD
$PAD "2"
Shape Roundrect Layer back
position  2.000000  0.000000  size  2.500000  1.800000  orientation 0.00
drill  0.000000
shape_offset  0.000000  0.000000
$EndPAD
$EndMODULE  D78

$MODULE D79
footprint Diode_SMD:D_SMA
attribut smd
position 175.650000 170.295000  orientation 90.00
layer back
$PAD "1"
Shape Roundrect Layer back
position -2.000000  0.000000  size  2.500000  1.800000  orientation 0.00
drill  0.000000
shape_offset  0.000000  0.000000
$EndPAD
$PAD "2"
Shape Roundrect Layer back
position  2.000000  0.000000  size  2.500000  1.800000  orientation 0.00
drill  0.000000
shape_offset  0.000000  0.000000
$EndPAD
$EndMODULE  D79

$MODULE D80
footprint Diode_SMD:D_SMA
attribut smd
position 204.700000 170.295000  orientation 90.00
layer back
$PAD "1"
Shape Roundrect Layer back
position -2.000000  0.000000  size  2.500000  1.800000  orientation 0.00
drill  0.000000
shape_offset  0.000000  0.000000
$EndPAD
$PAD "2"
Shape Roundrect Layer back
position  2.000000  0.000000  size  2.500000  1.800000  orientation 0.00
drill  0.000000
shape_offset  0.000000  0.000000
$EndPAD
$EndMODULE  D80

$MODULE D81
footprint Diode_SMD:D_SMA
attribut smd
position 226.750000 170.295000  orientation 90.00
layer back
$PAD "1"
Shape Roundrect Layer back
position -2.000000  0.000000  size  2.500000  1.800000  orientation 0.00
drill  0.000000
shape_offset  0.000000  0.000000
$EndPAD
$PAD "2"
Shape Roundrect Layer back
position  2.000000  0.000000  size  2.500000  1.800000  orientation 0.00
drill  0.000000
shape_offset  0.000000  0.000000
$EndPAD
$EndMODULE  D81

$MODULE D82
footprint Diode_SMD:D_SMA
attribut smd
position 245.800000 170.295000  orientation 90.00
layer back
$PAD "1"
Shape Roundrect Layer back
position -2.000000  0.000000  size  2.500000  1.800000  orientation 0.00
drill  0.000000
shape_offset  0.000000  0.000000
$EndPAD
$PAD "2"
Shape Roundrect Layer back
position  2.000000  0.000000  size  2.500000  1.800000  orientation 0.00
drill  0.000000
shape_offset  0.000000  0.000000
$EndPAD
$EndMODULE  D82

$MODULE D84
footprint Diode_SMD:D_SMA
attribut smd
position 264.850000 170.295000  orientation 90.00
layer back
$PAD "1"
Shape Roundrect Layer back
position -2.000000  0.000000  size  2.500000  1.800000  orientation 0.00
drill  0.000000
shape_offset  0.000000  0.000000
$EndPAD
$PAD "2"
Shape Roundrect Layer back
position  2.000000  0.000000  size  2.500000  1.800000  orientation 0.00
drill  0.000000
shape_offset  0.000000  0.000000
$EndPAD
$EndMODULE  D84

$MODULE D85
footprint Diode_SMD:D_SMA
attribut smd
position 283.900000 170.295000  orientation 90.00
layer back
$PAD "1"
Shape Roundrect Layer back
position -2.000000  0.000000  size  2.500000  1.800000  orientation 0.00
drill  0.000000
shape_offset  0.000000  0.000000
$EndPAD
$PAD "2"
Shape Roundrect Layer back
position  2.000000  0.000000  size  2.500000  1.800000  orientation 0.00
drill  0.000000
shape_offset  0.000000  0.000000
$EndPAD
$EndMODULE  D85

$MODULE D86
footprint Diode_SMD:D_SMA
attribut smd
position 302.950000 170.295000  orientation 90.00
layer back
$PAD "1"
Shape Roundrect Layer back
position -2.000000  0.000000  size  2.500000  1.800000  orientation 0.00
drill  0.000000
shape_offset  0.000000  0.000000
$EndPAD
$PAD "2"
Shape Roundrect Layer back
position  2.000000  0.000000  size  2.500000  1.800000  orientation 0.00
drill  0.000000
shape_offset  0.000000  0.000000
$EndPAD
$EndMODULE  D86

$MODULE D87
footprint Diode_SMD:D_SMA
attribut smd
position 264.850000 189.300000  orientation 90.00
layer back
$PAD "1"
Shape Roundrect Layer back
position -2.000000  0.000000  size  2.500000  1.800000  orientation 0.00
drill  0.000000
shape_offset  0.000000  0.000000
$EndPAD
$PAD "2"
Shape Roundrect Layer back
position  2.000000  0.000000  size  2.500000  1.800000  orientation 0.00
drill  0.000000
shape_offset  0.000000  0.000000
$EndPAD
$EndMODULE  D87

$MODULE D88
footprint Diode_SMD:D_SMA
attribut smd
position 283.900000 189.300000  orientation 90.00
layer back
$PAD "1"
Shape Roundrect Layer back
position -2.000000  0.000000  size  2.500000  1.800000  orientation 0.00
drill  0.000000
shape_offset  0.000000  0.000000
$EndPAD
$PAD "2"
Shape Roundrect Layer back
position  2.000000  0.000000  size  2.500000  1.800000  orientation 0.00
drill  0.000000
shape_offset  0.000000  0.000000
$EndPAD
$EndMODULE  D88

$MODULE D89
footprint Diode_SMD:D_SMA
attribut smd
position 302.950000 189.300000  orientation 90.00
layer back
$PAD "1"
Shape Roundrect Layer back
position -2.000000  0.000000  size  2.500000  1.800000  orientation 0.00
drill  0.000000
shape_offset  0.000000  0.000000
$EndPAD
$PAD "2"
Shape Roundrect Layer back
position  2.000000  0.000000  size  2.500000  1.800000  orientation 0.00
drill  0.000000
shape_offset  0.000000  0.000000
$EndPAD
$EndMODULE  D89

$MODULE Del1
footprint ScottoKeebs_Hotswap:Hotswap_MX_1.00u
attribut smd
position 276.670000 69.300000  orientation 0.00
layer front
$PAD ""
Shape Circle Layer both
position -5.080000  0.000000  size  1.750000  1.750000  orientation 0.00
drill  1.750000
shape_offset  0.000000  0.000000
$EndPAD
$PAD ""
Shape Circle Layer both
position -3.810000 -2.540000  size  3.050000  3.050000  orientation 0.00
drill  3.050000
shape_offset  0.000000  0.000000
$EndPAD
$PAD ""
Shape Circle Layer both
position  0.000000  0.000000  size  4.000000  4.000000  orientation 0.00
drill  4.000000
shape_offset  0.000000  0.000000
$EndPAD
$PAD ""
Shape Circle Layer both
position  2.540000 -5.080000  size  3.050000  3.050000  orientation 0.00
drill  3.050000
shape_offset  0.000000  0.000000
$EndPAD
$PAD ""
Shape Circle Layer both
position  5.080000  0.000000  size  1.750000  1.750000  orientation 0.00
drill  1.750000
shape_offset  0.000000  0.000000
$EndPAD
$PAD "1"
Shape Roundrect Layer back
position -7.085000 -2.540000  size  2.550000  2.500000  orientation 0.00
drill  0.000000
shape_offset  0.000000  0.000000
$EndPAD
$PAD "2"
Shape Roundrect Layer back
position  5.842000 -5.080000  size  2.550000  2.500000  orientation 0.00
drill  0.000000
shape_offset  0.000000  0.000000
$EndPAD
$EndMODULE  Del1

$MODULE Del2
footprint ScottoKeebs_Hotswap:Hotswap_MX_1.00u
attribut smd
position 295.720000 69.300000  orientation 0.00
layer front
$PAD ""
Shape Circle Layer both
position -5.080000  0.000000  size  1.750000  1.750000  orientation 0.00
drill  1.750000
shape_offset  0.000000  0.000000
$EndPAD
$PAD ""
Shape Circle Layer both
position -3.810000 -2.540000  size  3.050000  3.050000  orientation 0.00
drill  3.050000
shape_offset  0.000000  0.000000
$EndPAD
$PAD ""
Shape Circle Layer both
position  0.000000  0.000000  size  4.000000  4.000000  orientation 0.00
drill  4.000000
shape_offset  0.000000  0.000000
$EndPAD
$PAD ""
Shape Circle Layer both
position  2.540000 -5.080000  size  3.050000  3.050000  orientation 0.00
drill  3.050000
shape_offset  0.000000  0.000000
$EndPAD
$PAD ""
Shape Circle Layer both
position  5.080000  0.000000  size  1.750000  1.750000  orientation 0.00
drill  1.750000
shape_offset  0.000000  0.000000
$EndPAD
$PAD "1"
Shape Roundrect Layer back
position -7.085000 -2.540000  size  2.550000  2.500000  orientation 0.00
drill  0.000000
shape_offset  0.000000  0.000000
$EndPAD
$PAD "2"
Shape Roundrect Layer back
position  5.842000 -5.080000  size  2.550000  2.500000  orientation 0.00
drill  0.000000
shape_offset  0.000000  0.000000
$EndPAD
$EndMODULE  Del2

$MODULE DelD1
footprint Diode_SMD:D_SMA
attribut smd
position 284.000000 75.000000  orientation 90.00
layer back
$PAD "1"
Shape Roundrect Layer back
position -2.000000  0.000000  size  2.500000  1.800000  orientation 0.00
drill  0.000000
shape_offset  0.000000  0.000000
$EndPAD
$PAD "2"
Shape Roundrect Layer back
position  2.000000  0.000000  size  2.500000  1.800000  orientation 0.00
drill  0.000000
shape_offset  0.000000  0.000000
$EndPAD
$EndMODULE  DelD1

$MODULE DelD2
footprint Diode_SMD:D_SMA
attribut smd
position 303.050000 75.000000  orientation 90.00
layer back
$PAD "1"
Shape Roundrect Layer back
position -2.000000  0.000000  size  2.500000  1.800000  orientation 0.00
drill  0.000000
shape_offset  0.000000  0.000000
$EndPAD
$PAD "2"
Shape Roundrect Layer back
position  2.000000  0.000000  size  2.500000  1.800000  orientation 0.00
drill  0.000000
shape_offset  0.000000  0.000000
$EndPAD
$EndMODULE  DelD2

$MODULE Down1
footprint ScottoKeebs_Hotswap:Hotswap_MX_1.00u
attribut smd
position 276.671000 183.600000  orientation 0.00
layer front
$PAD ""
Shape Circle Layer both
position -5.080000  0.000000  size  1.750000  1.750000  orientation 0.00
drill  1.750000
shape_offset  0.000000  0.000000
$EndPAD
$PAD ""
Shape Circle Layer both
position -3.810000 -2.540000  size  3.050000  3.050000  orientation 0.00
drill  3.050000
shape_offset  0.000000  0.000000
$EndPAD
$PAD ""
Shape Circle Layer both
position  0.000000  0.000000  size  4.000000  4.000000  orientation 0.00
drill  4.000000
shape_offset  0.000000  0.000000
$EndPAD
$PAD ""
Shape Circle Layer both
position  2.540000 -5.080000  size  3.050000  3.050000  orientation 0.00
drill  3.050000
shape_offset  0.000000  0.000000
$EndPAD
$PAD ""
Shape Circle Layer both
position  5.080000  0.000000  size  1.750000  1.750000  orientation 0.00
drill  1.750000
shape_offset  0.000000  0.000000
$EndPAD
$PAD "1"
Shape Roundrect Layer back
position -7.085000 -2.540000  size  2.550000  2.500000  orientation 0.00
drill  0.000000
shape_offset  0.000000  0.000000
$EndPAD
$PAD "2"
Shape Roundrect Layer back
position  5.842000 -5.080000  size  2.550000  2.500000  orientation 0.00
drill  0.000000
shape_offset  0.000000  0.000000
$EndPAD
$EndMODULE  Down1

$MODULE E1
footprint ScottoKeebs_Hotswap:Hotswap_MX_1.00u
attribut smd
position 95.694000 107.400000  orientation 0.00
layer front
$PAD ""
Shape Circle Layer both
position -5.080000  0.000000  size  1.750000  1.750000  orientation 0.00
drill  1.750000
shape_offset  0.000000  0.000000
$EndPAD
$PAD ""
Shape Circle Layer both
position -3.810000 -2.540000  size  3.050000  3.050000  orientation 0.00
drill  3.050000
shape_offset  0.000000  0.000000
$EndPAD
$PAD ""
Shape Circle Layer both
position  0.000000  0.000000  size  4.000000  4.000000  orientation 0.00
drill  4.000000
shape_offset  0.000000  0.000000
$EndPAD
$PAD ""
Shape Circle Layer both
position  2.540000 -5.080000  size  3.050000  3.050000  orientation 0.00
drill  3.050000
shape_offset  0.000000  0.000000
$EndPAD
$PAD ""
Shape Circle Layer both
position  5.080000  0.000000  size  1.750000  1.750000  orientation 0.00
drill  1.750000
shape_offset  0.000000  0.000000
$EndPAD
$PAD "1"
Shape Roundrect Layer back
position -7.085000 -2.540000  size  2.550000  2.500000  orientation 0.00
drill  0.000000
shape_offset  0.000000  0.000000
$EndPAD
$PAD "2"
Shape Roundrect Layer back
position  5.842000 -5.080000  size  2.550000  2.500000  orientation 0.00
drill  0.000000
shape_offset  0.000000  0.000000
$EndPAD
$EndMODULE  E1

$MODULE Esc1
footprint ScottoKeebs_Hotswap:Hotswap_MX_1.00u
attribut smd
position 29.020000 69.300000  orientation 0.00
layer front
$PAD ""
Shape Circle Layer both
position -5.080000  0.000000  size  1.750000  1.750000  orientation 0.00
drill  1.750000
shape_offset  0.000000  0.000000
$EndPAD
$PAD ""
Shape Circle Layer both
position -3.810000 -2.540000  size  3.050000  3.050000  orientation 0.00
drill  3.050000
shape_offset  0.000000  0.000000
$EndPAD
$PAD ""
Shape Circle Layer both
position  0.000000  0.000000  size  4.000000  4.000000  orientation 0.00
drill  4.000000
shape_offset  0.000000  0.000000
$EndPAD
$PAD ""
Shape Circle Layer both
position  2.540000 -5.080000  size  3.050000  3.050000  orientation 0.00
drill  3.050000
shape_offset  0.000000  0.000000
$EndPAD
$PAD ""
Shape Circle Layer both
position  5.080000  0.000000  size  1.750000  1.750000  orientation 0.00
drill  1.750000
shape_offset  0.000000  0.000000
$EndPAD
$PAD "1"
Shape Roundrect Layer back
position -7.085000 -2.540000  size  2.550000  2.500000  orientation 0.00
drill  0.000000
shape_offset  0.000000  0.000000
$EndPAD
$PAD "2"
Shape Roundrect Layer back
position  5.842000 -5.080000  size  2.550000  2.500000  orientation 0.00
drill  0.000000
shape_offset  0.000000  0.000000
$EndPAD
$EndMODULE  Esc1

$MODULE EscD1
footprint Diode_SMD:D_SMA
attribut smd
position 36.350000 75.000000  orientation 90.00
layer back
$PAD "1"
Shape Roundrect Layer back
position -2.000000  0.000000  size  2.500000  1.800000  orientation 0.00
drill  0.000000
shape_offset  0.000000  0.000000
$EndPAD
$PAD "2"
Shape Roundrect Layer back
position  2.000000  0.000000  size  2.500000  1.800000  orientation 0.00
drill  0.000000
shape_offset  0.000000  0.000000
$EndPAD
$EndMODULE  EscD1

$MODULE F1
footprint ScottoKeebs_Hotswap:Hotswap_MX_1.00u
attribut smd
position 48.070000 69.300000  orientation 0.00
layer front
$PAD ""
Shape Circle Layer both
position -5.080000  0.000000  size  1.750000  1.750000  orientation 0.00
drill  1.750000
shape_offset  0.000000  0.000000
$EndPAD
$PAD ""
Shape Circle Layer both
position -3.810000 -2.540000  size  3.050000  3.050000  orientation 0.00
drill  3.050000
shape_offset  0.000000  0.000000
$EndPAD
$PAD ""
Shape Circle Layer both
position  0.000000  0.000000  size  4.000000  4.000000  orientation 0.00
drill  4.000000
shape_offset  0.000000  0.000000
$EndPAD
$PAD ""
Shape Circle Layer both
position  2.540000 -5.080000  size  3.050000  3.050000  orientation 0.00
drill  3.050000
shape_offset  0.000000  0.000000
$EndPAD
$PAD ""
Shape Circle Layer both
position  5.080000  0.000000  size  1.750000  1.750000  orientation 0.00
drill  1.750000
shape_offset  0.000000  0.000000
$EndPAD
$PAD "1"
Shape Roundrect Layer back
position -7.085000 -2.540000  size  2.550000  2.500000  orientation 0.00
drill  0.000000
shape_offset  0.000000  0.000000
$EndPAD
$PAD "2"
Shape Roundrect Layer back
position  5.842000 -5.080000  size  2.550000  2.500000  orientation 0.00
drill  0.000000
shape_offset  0.000000  0.000000
$EndPAD
$EndMODULE  F1

$MODULE F1D1
footprint Diode_SMD:D_SMA
attribut smd
position 55.400000 75.000000  orientation 90.00
layer back
$PAD "1"
Shape Roundrect Layer back
position -2.000000  0.000000  size  2.500000  1.800000  orientation 0.00
drill  0.000000
shape_offset  0.000000  0.000000
$EndPAD
$PAD "2"
Shape Roundrect Layer back
position  2.000000  0.000000  size  2.500000  1.800000  orientation 0.00
drill  0.000000
shape_offset  0.000000  0.000000
$EndPAD
$EndMODULE  F1D1

$MODULE F2
footprint ScottoKeebs_Hotswap:Hotswap_MX_1.00u
attribut smd
position 67.120000 69.300000  orientation 0.00
layer front
$PAD ""
Shape Circle Layer both
position -5.080000  0.000000  size  1.750000  1.750000  orientation 0.00
drill  1.750000
shape_offset  0.000000  0.000000
$EndPAD
$PAD ""
Shape Circle Layer both
position -3.810000 -2.540000  size  3.050000  3.050000  orientation 0.00
drill  3.050000
shape_offset  0.000000  0.000000
$EndPAD
$PAD ""
Shape Circle Layer both
position  0.000000  0.000000  size  4.000000  4.000000  orientation 0.00
drill  4.000000
shape_offset  0.000000  0.000000
$EndPAD
$PAD ""
Shape Circle Layer both
position  2.540000 -5.080000  size  3.050000  3.050000  orientation 0.00
drill  3.050000
shape_offset  0.000000  0.000000
$EndPAD
$PAD ""
Shape Circle Layer both
position  5.080000  0.000000  size  1.750000  1.750000  orientation 0.00
drill  1.750000
shape_offset  0.000000  0.000000
$EndPAD
$PAD "1"
Shape Roundrect Layer back
position -7.085000 -2.540000  size  2.550000  2.500000  orientation 0.00
drill  0.000000
shape_offset  0.000000  0.000000
$EndPAD
$PAD "2"
Shape Roundrect Layer back
position  5.842000 -5.080000  size  2.550000  2.500000  orientation 0.00
drill  0.000000
shape_offset  0.000000  0.000000
$EndPAD
$EndMODULE  F2

$MODULE F2D1
footprint Diode_SMD:D_SMA
attribut smd
position 74.450000 75.000000  orientation 90.00
layer back
$PAD "1"
Shape Roundrect Layer back
position -2.000000  0.000000  size  2.500000  1.800000  orientation 0.00
drill  0.000000
shape_offset  0.000000  0.000000
$EndPAD
$PAD "2"
Shape Roundrect Layer back
position  2.000000  0.000000  size  2.500000  1.800000  orientation 0.00
drill  0.000000
shape_offset  0.000000  0.000000
$EndPAD
$EndMODULE  F2D1

$MODULE F3
footprint ScottoKeebs_Hotswap:Hotswap_MX_1.00u
attribut smd
position 86.170000 69.300000  orientation 0.00
layer front
$PAD ""
Shape Circle Layer both
position -5.080000  0.000000  size  1.750000  1.750000  orientation 0.00
drill  1.750000
shape_offset  0.000000  0.000000
$EndPAD
$PAD ""
Shape Circle Layer both
position -3.810000 -2.540000  size  3.050000  3.050000  orientation 0.00
drill  3.050000
shape_offset  0.000000  0.000000
$EndPAD
$PAD ""
Shape Circle Layer both
position  0.000000  0.000000  size  4.000000  4.000000  orientation 0.00
drill  4.000000
shape_offset  0.000000  0.000000
$EndPAD
$PAD ""
Shape Circle Layer both
position  2.540000 -5.080000  size  3.050000  3.050000  orientation 0.00
drill  3.050000
shape_offset  0.000000  0.000000
$EndPAD
$PAD ""
Shape Circle Layer both
position  5.080000  0.000000  size  1.750000  1.750000  orientation 0.00
drill  1.750000
shape_offset  0.000000  0.000000
$EndPAD
$PAD "1"
Shape Roundrect Layer back
position -7.085000 -2.540000  size  2.550000  2.500000  orientation 0.00
drill  0.000000
shape_offset  0.000000  0.000000
$EndPAD
$PAD "2"
Shape Roundrect Layer back
position  5.842000 -5.080000  size  2.550000  2.500000  orientation 0.00
drill  0.000000
shape_offset  0.000000  0.000000
$EndPAD
$EndMODULE  F3

$MODULE F3D1
footprint Diode_SMD:D_SMA
attribut smd
position 93.500000 75.000000  orientation 90.00
layer back
$PAD "1"
Shape Roundrect Layer back
position -2.000000  0.000000  size  2.500000  1.800000  orientation 0.00
drill  0.000000
shape_offset  0.000000  0.000000
$EndPAD
$PAD "2"
Shape Roundrect Layer back
position  2.000000  0.000000  size  2.500000  1.800000  orientation 0.00
drill  0.000000
shape_offset  0.000000  0.000000
$EndPAD
$EndMODULE  F3D1

$MODULE F4
footprint ScottoKeebs_Hotswap:Hotswap_MX_1.00u
attribut smd
position 105.220000 69.300000  orientation 0.00
layer front
$PAD ""
Shape Circle Layer both
position -5.080000  0.000000  size  1.750000  1.750000  orientation 0.00
drill  1.750000
shape_offset  0.000000  0.000000
$EndPAD
$PAD ""
Shape Circle Layer both
position -3.810000 -2.540000  size  3.050000  3.050000  orientation 0.00
drill  3.050000
shape_offset  0.000000  0.000000
$EndPAD
$PAD ""
Shape Circle Layer both
position  0.000000  0.000000  size  4.000000  4.000000  orientation 0.00
drill  4.000000
shape_offset  0.000000  0.000000
$EndPAD
$PAD ""
Shape Circle Layer both
position  2.540000 -5.080000  size  3.050000  3.050000  orientation 0.00
drill  3.050000
shape_offset  0.000000  0.000000
$EndPAD
$PAD ""
Shape Circle Layer both
position  5.080000  0.000000  size  1.750000  1.750000  orientation 0.00
drill  1.750000
shape_offset  0.000000  0.000000
$EndPAD
$PAD "1"
Shape Roundrect Layer back
position -7.085000 -2.540000  size  2.550000  2.500000  orientation 0.00
drill  0.000000
shape_offset  0.000000  0.000000
$EndPAD
$PAD "2"
Shape Roundrect Layer back
position  5.842000 -5.080000  size  2.550000  2.500000  orientation 0.00
drill  0.000000
shape_offset  0.000000  0.000000
$EndPAD
$EndMODULE  F4

$MODULE F4D1
footprint Diode_SMD:D_SMA
attribut smd
position 112.550000 75.000000  orientation 90.00
layer back
$PAD "1"
Shape Roundrect Layer back
position -2.000000  0.000000  size  2.500000  1.800000  orientation 0.00
drill  0.000000
shape_offset  0.000000  0.000000
$EndPAD
$PAD "2"
Shape Roundrect Layer back
position  2.000000  0.000000  size  2.500000  1.800000  orientation 0.00
drill  0.000000
shape_offset  0.000000  0.000000
$EndPAD
$EndMODULE  F4D1

$MODULE F5
footprint ScottoKeebs_Hotswap:Hotswap_MX_1.00u
attribut smd
position 124.270000 69.300000  orientation 0.00
layer front
$PAD ""
Shape Circle Layer both
position -5.080000  0.000000  size  1.750000  1.750000  orientation 0.00
drill  1.750000
shape_offset  0.000000  0.000000
$EndPAD
$PAD ""
Shape Circle Layer both
position -3.810000 -2.540000  size  3.050000  3.050000  orientation 0.00
drill  3.050000
shape_offset  0.000000  0.000000
$EndPAD
$PAD ""
Shape Circle Layer both
position  0.000000  0.000000  size  4.000000  4.000000  orientation 0.00
drill  4.000000
shape_offset  0.000000  0.000000
$EndPAD
$PAD ""
Shape Circle Layer both
position  2.540000 -5.080000  size  3.050000  3.050000  orientation 0.00
drill  3.050000
shape_offset  0.000000  0.000000
$EndPAD
$PAD ""
Shape Circle Layer both
position  5.080000  0.000000  size  1.750000  1.750000  orientation 0.00
drill  1.750000
shape_offset  0.000000  0.000000
$EndPAD
$PAD "1"
Shape Roundrect Layer back
position -7.085000 -2.540000  size  2.550000  2.500000  orientation 0.00
drill  0.000000
shape_offset  0.000000  0.000000
$EndPAD
$PAD "2"
Shape Roundrect Layer back
position  5.842000 -5.080000  size  2.550000  2.500000  orientation 0.00
drill  0.000000
shape_offset  0.000000  0.000000
$EndPAD
$EndMODULE  F5

$MODULE F5D1
footprint Diode_SMD:D_SMA
attribut smd
position 131.600000 75.000000  orientation 90.00
layer back
$PAD "1"
Shape Roundrect Layer back
position -2.000000  0.000000  size  2.500000  1.800000  orientation 0.00
drill  0.000000
shape_offset  0.000000  0.000000
$EndPAD
$PAD "2"
Shape Roundrect Layer back
position  2.000000  0.000000  size  2.500000  1.800000  orientation 0.00
drill  0.000000
shape_offset  0.000000  0.000000
$EndPAD
$EndMODULE  F5D1

$MODULE F6
footprint ScottoKeebs_Hotswap:Hotswap_MX_1.00u
attribut smd
position 143.320000 69.300000  orientation 0.00
layer front
$PAD ""
Shape Circle Layer both
position -5.080000  0.000000  size  1.750000  1.750000  orientation 0.00
drill  1.750000
shape_offset  0.000000  0.000000
$EndPAD
$PAD ""
Shape Circle Layer both
position -3.810000 -2.540000  size  3.050000  3.050000  orientation 0.00
drill  3.050000
shape_offset  0.000000  0.000000
$EndPAD
$PAD ""
Shape Circle Layer both
position  0.000000  0.000000  size  4.000000  4.000000  orientation 0.00
drill  4.000000
shape_offset  0.000000  0.000000
$EndPAD
$PAD ""
Shape Circle Layer both
position  2.540000 -5.080000  size  3.050000  3.050000  orientation 0.00
drill  3.050000
shape_offset  0.000000  0.000000
$EndPAD
$PAD ""
Shape Circle Layer both
position  5.080000  0.000000  size  1.750000  1.750000  orientation 0.00
drill  1.750000
shape_offset  0.000000  0.000000
$EndPAD
$PAD "1"
Shape Roundrect Layer back
position -7.085000 -2.540000  size  2.550000  2.500000  orientation 0.00
drill  0.000000
shape_offset  0.000000  0.000000
$EndPAD
$PAD "2"
Shape Roundrect Layer back
position  5.842000 -5.080000  size  2.550000  2.500000  orientation 0.00
drill  0.000000
shape_offset  0.000000  0.000000
$EndPAD
$EndMODULE  F6

$MODULE F6D1
footprint Diode_SMD:D_SMA
attribut smd
position 150.650000 75.000000  orientation 90.00
layer back
$PAD "1"
Shape Roundrect Layer back
position -2.000000  0.000000  size  2.500000  1.800000  orientation 0.00
drill  0.000000
shape_offset  0.000000  0.000000
$EndPAD
$PAD "2"
Shape Roundrect Layer back
position  2.000000  0.000000  size  2.500000  1.800000  orientation 0.00
drill  0.000000
shape_offset  0.000000  0.000000
$EndPAD
$EndMODULE  F6D1

$MODULE F7
footprint ScottoKeebs_Hotswap:Hotswap_MX_1.00u
attribut smd
position 162.370000 69.300000  orientation 0.00
layer front
$PAD ""
Shape Circle Layer both
position -5.080000  0.000000  size  1.750000  1.750000  orientation 0.00
drill  1.750000
shape_offset  0.000000  0.000000
$EndPAD
$PAD ""
Shape Circle Layer both
position -3.810000 -2.540000  size  3.050000  3.050000  orientation 0.00
drill  3.050000
shape_offset  0.000000  0.000000
$EndPAD
$PAD ""
Shape Circle Layer both
position  0.000000  0.000000  size  4.000000  4.000000  orientation 0.00
drill  4.000000
shape_offset  0.000000  0.000000
$EndPAD
$PAD ""
Shape Circle Layer both
position  2.540000 -5.080000  size  3.050000  3.050000  orientation 0.00
drill  3.050000
shape_offset  0.000000  0.000000
$EndPAD
$PAD ""
Shape Circle Layer both
position  5.080000  0.000000  size  1.750000  1.750000  orientation 0.00
drill  1.750000
shape_offset  0.000000  0.000000
$EndPAD
$PAD "1"
Shape Roundrect Layer back
position -7.085000 -2.540000  size  2.550000  2.500000  orientation 0.00
drill  0.000000
shape_offset  0.000000  0.000000
$EndPAD
$PAD "2"
Shape Roundrect Layer back
position  5.842000 -5.080000  size  2.550000  2.500000  orientation 0.00
drill  0.000000
shape_offset  0.000000  0.000000
$EndPAD
$EndMODULE  F7

$MODULE F7D1
footprint Diode_SMD:D_SMA
attribut smd
position 169.700000 75.000000  orientation 90.00
layer back
$PAD "1"
Shape Roundrect Layer back
position -2.000000  0.000000  size  2.500000  1.800000  orientation 0.00
drill  0.000000
shape_offset  0.000000  0.000000
$EndPAD
$PAD "2"
Shape Roundrect Layer back
position  2.000000  0.000000  size  2.500000  1.800000  orientation 0.00
drill  0.000000
shape_offset  0.000000  0.000000
$EndPAD
$EndMODULE  F7D1

$MODULE F8
footprint ScottoKeebs_Hotswap:Hotswap_MX_1.00u
attribut smd
position 181.420000 69.300000  orientation 0.00
layer front
$PAD ""
Shape Circle Layer both
position -5.080000  0.000000  size  1.750000  1.750000  orientation 0.00
drill  1.750000
shape_offset  0.000000  0.000000
$EndPAD
$PAD ""
Shape Circle Layer both
position -3.810000 -2.540000  size  3.050000  3.050000  orientation 0.00
drill  3.050000
shape_offset  0.000000  0.000000
$EndPAD
$PAD ""
Shape Circle Layer both
position  0.000000  0.000000  size  4.000000  4.000000  orientation 0.00
drill  4.000000
shape_offset  0.000000  0.000000
$EndPAD
$PAD ""
Shape Circle Layer both
position  2.540000 -5.080000  size  3.050000  3.050000  orientation 0.00
drill  3.050000
shape_offset  0.000000  0.000000
$EndPAD
$PAD ""
Shape Circle Layer both
position  5.080000  0.000000  size  1.750000  1.750000  orientation 0.00
drill  1.750000
shape_offset  0.000000  0.000000
$EndPAD
$PAD "1"
Shape Roundrect Layer back
position -7.085000 -2.540000  size  2.550000  2.500000  orientation 0.00
drill  0.000000
shape_offset  0.000000  0.000000
$EndPAD
$PAD "2"
Shape Roundrect Layer back
position  5.842000 -5.080000  size  2.550000  2.500000  orientation 0.00
drill  0.000000
shape_offset  0.000000  0.000000
$EndPAD
$EndMODULE  F8

$MODULE F8D1
footprint Diode_SMD:D_SMA
attribut smd
position 188.750000 75.000000  orientation 90.00
layer back
$PAD "1"
Shape Roundrect Layer back
position -2.000000  0.000000  size  2.500000  1.800000  orientation 0.00
drill  0.000000
shape_offset  0.000000  0.000000
$EndPAD
$PAD "2"
Shape Roundrect Layer back
position  2.000000  0.000000  size  2.500000  1.800000  orientation 0.00
drill  0.000000
shape_offset  0.000000  0.000000
$EndPAD
$EndMODULE  F8D1

$MODULE F9
footprint ScottoKeebs_Hotswap:Hotswap_MX_1.00u
attribut smd
position 200.470000 69.300000  orientation 0.00
layer front
$PAD ""
Shape Circle Layer both
position -5.080000  0.000000  size  1.750000  1.750000  orientation 0.00
drill  1.750000
shape_offset  0.000000  0.000000
$EndPAD
$PAD ""
Shape Circle Layer both
position -3.810000 -2.540000  size  3.050000  3.050000  orientation 0.00
drill  3.050000
shape_offset  0.000000  0.000000
$EndPAD
$PAD ""
Shape Circle Layer both
position  0.000000  0.000000  size  4.000000  4.000000  orientation 0.00
drill  4.000000
shape_offset  0.000000  0.000000
$EndPAD
$PAD ""
Shape Circle Layer both
position  2.540000 -5.080000  size  3.050000  3.050000  orientation 0.00
drill  3.050000
shape_offset  0.000000  0.000000
$EndPAD
$PAD ""
Shape Circle Layer both
position  5.080000  0.000000  size  1.750000  1.750000  orientation 0.00
drill  1.750000
shape_offset  0.000000  0.000000
$EndPAD
$PAD "1"
Shape Roundrect Layer back
position -7.085000 -2.540000  size  2.550000  2.500000  orientation 0.00
drill  0.000000
shape_offset  0.000000  0.000000
$EndPAD
$PAD "2"
Shape Roundrect Layer back
position  5.842000 -5.080000  size  2.550000  2.500000  orientation 0.00
drill  0.000000
shape_offset  0.000000  0.000000
$EndPAD
$EndMODULE  F9

$MODULE F9D1
footprint Diode_SMD:D_SMA
attribut smd
position 207.800000 75.000000  orientation 90.00
layer back
$PAD "1"
Shape Roundrect Layer back
position -2.000000  0.000000  size  2.500000  1.800000  orientation 0.00
drill  0.000000
shape_offset  0.000000  0.000000
$EndPAD
$PAD "2"
Shape Roundrect Layer back
position  2.000000  0.000000  size  2.500000  1.800000  orientation 0.00
drill  0.000000
shape_offset  0.000000  0.000000
$EndPAD
$EndMODULE  F9D1

$MODULE F10
footprint ScottoKeebs_Hotswap:Hotswap_MX_1.00u
attribut smd
position 219.520000 69.300000  orientation 0.00
layer front
$PAD ""
Shape Circle Layer both
position -5.080000  0.000000  size  1.750000  1.750000  orientation 0.00
drill  1.750000
shape_offset  0.000000  0.000000
$EndPAD
$PAD ""
Shape Circle Layer both
position -3.810000 -2.540000  size  3.050000  3.050000  orientation 0.00
drill  3.050000
shape_offset  0.000000  0.000000
$EndPAD
$PAD ""
Shape Circle Layer both
position  0.000000  0.000000  size  4.000000  4.000000  orientation 0.00
drill  4.000000
shape_offset  0.000000  0.000000
$EndPAD
$PAD ""
Shape Circle Layer both
position  2.540000 -5.080000  size  3.050000  3.050000  orientation 0.00
drill  3.050000
shape_offset  0.000000  0.000000
$EndPAD
$PAD ""
Shape Circle Layer both
position  5.080000  0.000000  size  1.750000  1.750000  orientation 0.00
drill  1.750000
shape_offset  0.000000  0.000000
$EndPAD
$PAD "1"
Shape Roundrect Layer back
position -7.085000 -2.540000  size  2.550000  2.500000  orientation 0.00
drill  0.000000
shape_offset  0.000000  0.000000
$EndPAD
$PAD "2"
Shape Roundrect Layer back
position  5.842000 -5.080000  size  2.550000  2.500000  orientation 0.00
drill  0.000000
shape_offset  0.000000  0.000000
$EndPAD
$EndMODULE  F10

$MODULE F10D1
footprint Diode_SMD:D_SMA
attribut smd
position 226.850000 75.000000  orientation 90.00
layer back
$PAD "1"
Shape Roundrect Layer back
position -2.000000  0.000000  size  2.500000  1.800000  orientation 0.00
drill  0.000000
shape_offset  0.000000  0.000000
$EndPAD
$PAD "2"
Shape Roundrect Layer back
position  2.000000  0.000000  size  2.500000  1.800000  orientation 0.00
drill  0.000000
shape_offset  0.000000  0.000000
$EndPAD
$EndMODULE  F10D1

$MODULE F11
footprint ScottoKeebs_Hotswap:Hotswap_MX_1.00u
attribut smd
position 238.570000 69.300000  orientation 0.00
layer front
$PAD ""
Shape Circle Layer both
position -5.080000  0.000000  size  1.750000  1.750000  orientation 0.00
drill  1.750000
shape_offset  0.000000  0.000000
$EndPAD
$PAD ""
Shape Circle Layer both
position -3.810000 -2.540000  size  3.050000  3.050000  orientation 0.00
drill  3.050000
shape_offset  0.000000  0.000000
$EndPAD
$PAD ""
Shape Circle Layer both
position  0.000000  0.000000  size  4.000000  4.000000  orientation 0.00
drill  4.000000
shape_offset  0.000000  0.000000
$EndPAD
$PAD ""
Shape Circle Layer both
position  2.540000 -5.080000  size  3.050000  3.050000  orientation 0.00
drill  3.050000
shape_offset  0.000000  0.000000
$EndPAD
$PAD ""
Shape Circle Layer both
position  5.080000  0.000000  size  1.750000  1.750000  orientation 0.00
drill  1.750000
shape_offset  0.000000  0.000000
$EndPAD
$PAD "1"
Shape Roundrect Layer back
position -7.085000 -2.540000  size  2.550000  2.500000  orientation 0.00
drill  0.000000
shape_offset  0.000000  0.000000
$EndPAD
$PAD "2"
Shape Roundrect Layer back
position  5.842000 -5.080000  size  2.550000  2.500000  orientation 0.00
drill  0.000000
shape_offset  0.000000  0.000000
$EndPAD
$EndMODULE  F11

$MODULE F11D1
footprint Diode_SMD:D_SMA
attribut smd
position 245.900000 75.000000  orientation 90.00
layer back
$PAD "1"
Shape Roundrect Layer back
position -2.000000  0.000000  size  2.500000  1.800000  orientation 0.00
drill  0.000000
shape_offset  0.000000  0.000000
$EndPAD
$PAD "2"
Shape Roundrect Layer back
position  2.000000  0.000000  size  2.500000  1.800000  orientation 0.00
drill  0.000000
shape_offset  0.000000  0.000000
$EndPAD
$EndMODULE  F11D1

$MODULE F12
footprint ScottoKeebs_Hotswap:Hotswap_MX_1.00u
attribut smd
position 257.620000 69.300000  orientation 0.00
layer front
$PAD ""
Shape Circle Layer both
position -5.080000  0.000000  size  1.750000  1.750000  orientation 0.00
drill  1.750000
shape_offset  0.000000  0.000000
$EndPAD
$PAD ""
Shape Circle Layer both
position -3.810000 -2.540000  size  3.050000  3.050000  orientation 0.00
drill  3.050000
shape_offset  0.000000  0.000000
$EndPAD
$PAD ""
Shape Circle Layer both
position  0.000000  0.000000  size  4.000000  4.000000  orientation 0.00
drill  4.000000
shape_offset  0.000000  0.000000
$EndPAD
$PAD ""
Shape Circle Layer both
position  2.540000 -5.080000  size  3.050000  3.050000  orientation 0.00
drill  3.050000
shape_offset  0.000000  0.000000
$EndPAD
$PAD ""
Shape Circle Layer both
position  5.080000  0.000000  size  1.750000  1.750000  orientation 0.00
drill  1.750000
shape_offset  0.000000  0.000000
$EndPAD
$PAD "1"
Shape Roundrect Layer back
position -7.085000 -2.540000  size  2.550000  2.500000  orientation 0.00
drill  0.000000
shape_offset  0.000000  0.000000
$EndPAD
$PAD "2"
Shape Roundrect Layer back
position  5.842000 -5.080000  size  2.550000  2.500000  orientation 0.00
drill  0.000000
shape_offset  0.000000  0.000000
$EndPAD
$EndMODULE  F12

$MODULE F12D1
footprint Diode_SMD:D_SMA
attribut smd
position 264.950000 75.000000  orientation 90.00
layer back
$PAD "1"
Shape Roundrect Layer back
position -2.000000  0.000000  size  2.500000  1.800000  orientation 0.00
drill  0.000000
shape_offset  0.000000  0.000000
$EndPAD
$PAD "2"
Shape Roundrect Layer back
position  2.000000  0.000000  size  2.500000  1.800000  orientation 0.00
drill  0.000000
shape_offset  0.000000  0.000000
$EndPAD
$EndMODULE  F12D1

$MODULE Fn1
footprint ScottoKeebs_Hotswap:Hotswap_MX_1.00u
attribut smd
position 29.020000 164.550000  orientation 0.00
layer front
$PAD ""
Shape Circle Layer both
position -5.080000  0.000000  size  1.750000  1.750000  orientation 0.00
drill  1.750000
shape_offset  0.000000  0.000000
$EndPAD
$PAD ""
Shape Circle Layer both
position -3.810000 -2.540000  size  3.050000  3.050000  orientation 0.00
drill  3.050000
shape_offset  0.000000  0.000000
$EndPAD
$PAD ""
Shape Circle Layer both
position  0.000000  0.000000  size  4.000000  4.000000  orientation 0.00
drill  4.000000
shape_offset  0.000000  0.000000
$EndPAD
$PAD ""
Shape Circle Layer both
position  2.540000 -5.080000  size  3.050000  3.050000  orientation 0.00
drill  3.050000
shape_offset  0.000000  0.000000
$EndPAD
$PAD ""
Shape Circle Layer both
position  5.080000  0.000000  size  1.750000  1.750000  orientation 0.00
drill  1.750000
shape_offset  0.000000  0.000000
$EndPAD
$PAD "1"
Shape Roundrect Layer back
position -7.085000 -2.540000  size  2.550000  2.500000  orientation 0.00
drill  0.000000
shape_offset  0.000000  0.000000
$EndPAD
$PAD "2"
Shape Roundrect Layer back
position  5.842000 -5.080000  size  2.550000  2.500000  orientation 0.00
drill  0.000000
shape_offset  0.000000  0.000000
$EndPAD
$EndMODULE  Fn1

$MODULE GL850G1
footprint GL850G:28SSOP
attribut smd
position 161.470000 32.214000  orientation 90.00
layer front
$PAD "1"
Shape Rect Layer front
position -4.225000  3.200000  size  0.350000  1.800000  orientation 0.00
drill  0.000000
shape_offset  0.000000  0.000000
$EndPAD
$PAD "2"
Shape Rect Layer front
position -3.575000  3.200000  size  0.350000  1.800000  orientation 0.00
drill  0.000000
shape_offset  0.000000  0.000000
$EndPAD
$PAD "3"
Shape Rect Layer front
position -2.925000  3.200000  size  0.350000  1.800000  orientation 0.00
drill  0.000000
shape_offset  0.000000  0.000000
$EndPAD
$PAD "4"
Shape Rect Layer front
position -2.275000  3.200000  size  0.350000  1.800000  orientation 0.00
drill  0.000000
shape_offset  0.000000  0.000000
$EndPAD
$PAD "5"
Shape Rect Layer front
position -1.625000  3.200000  size  0.350000  1.800000  orientation 0.00
drill  0.000000
shape_offset  0.000000  0.000000
$EndPAD
$PAD "6"
Shape Rect Layer front
position -0.975000  3.200000  size  0.350000  1.800000  orientation 0.00
drill  0.000000
shape_offset  0.000000  0.000000
$EndPAD
$PAD "7"
Shape Rect Layer front
position -0.325000  3.200000  size  0.350000  1.800000  orientation 0.00
drill  0.000000
shape_offset  0.000000  0.000000
$EndPAD
$PAD "8"
Shape Rect Layer front
position  0.325000  3.200000  size  0.350000  1.800000  orientation 0.00
drill  0.000000
shape_offset  0.000000  0.000000
$EndPAD
$PAD "9"
Shape Rect Layer front
position  0.975000  3.200000  size  0.350000  1.800000  orientation 0.00
drill  0.000000
shape_offset  0.000000  0.000000
$EndPAD
$PAD "10"
Shape Rect Layer front
position  1.625000  3.200000  size  0.350000  1.800000  orientation 0.00
drill  0.000000
shape_offset  0.000000  0.000000
$EndPAD
$PAD "11"
Shape Rect Layer front
position  2.275000  3.200000  size  0.350000  1.800000  orientation 0.00
drill  0.000000
shape_offset  0.000000  0.000000
$EndPAD
$PAD "12"
Shape Rect Layer front
position  2.925000  3.200000  size  0.350000  1.800000  orientation 0.00
drill  0.000000
shape_offset  0.000000  0.000000
$EndPAD
$PAD "13"
Shape Rect Layer front
position  3.575000  3.200000  size  0.350000  1.800000  orientation 0.00
drill  0.000000
shape_offset  0.000000  0.000000
$EndPAD
$PAD "14"
Shape Rect Layer front
position  4.225000  3.200000  size  0.350000  1.800000  orientation 0.00
drill  0.000000
shape_offset  0.000000  0.000000
$EndPAD
$PAD "15"
Shape Rect Layer front
position  4.225000 -3.200000  size  0.350000  1.800000  orientation 0.00
drill  0.000000
shape_offset  0.000000  0.000000
$EndPAD
$PAD "16"
Shape Rect Layer front
position  3.575000 -3.200000  size  0.350000  1.800000  orientation 0.00
drill  0.000000
shape_offset  0.000000  0.000000
$EndPAD
$PAD "17"
Shape Rect Layer front
position  2.925000 -3.200000  size  0.350000  1.800000  orientation 0.00
drill  0.000000
shape_offset  0.000000  0.000000
$EndPAD
$PAD "18"
Shape Rect Layer front
position  2.275000 -3.200000  size  0.350000  1.800000  orientation 0.00
drill  0.000000
shape_offset  0.000000  0.000000
$EndPAD
$PAD "19"
Shape Rect Layer front
position  1.625000 -3.200000  size  0.350000  1.800000  orientation 0.00
drill  0.000000
shape_offset  0.000000  0.000000
$EndPAD
$PAD "20"
Shape Rect Layer front
position  0.975000 -3.200000  size  0.350000  1.800000  orientation 0.00
drill  0.000000
shape_offset  0.000000  0.000000
$EndPAD
$PAD "21"
Shape Rect Layer front
position  0.325000 -3.200000  size  0.350000  1.800000  orientation 0.00
drill  0.000000
shape_offset  0.000000  0.000000
$EndPAD
$PAD "22"
Shape Rect Layer front
position -0.325000 -3.200000  size  0.350000  1.800000  orientation 0.00
drill  0.000000
shape_offset  0.000000  0.000000
$EndPAD
$PAD "23"
Shape Rect Layer front
position -0.975000 -3.200000  size  0.350000  1.800000  orientation 0.00
drill  0.000000
shape_offset  0.000000  0.000000
$EndPAD
$PAD "24"
Shape Rect Layer front
position -1.625000 -3.200000  size  0.350000  1.800000  orientation 0.00
drill  0.000000
shape_offset  0.000000  0.000000
$EndPAD
$PAD "25"
Shape Rect Layer front
position -2.275000 -3.200000  size  0.350000  1.800000  orientation 0.00
drill  0.000000
shape_offset  0.000000  0.000000
$EndPAD
$PAD "26"
Shape Rect Layer front
position -2.925000 -3.200000  size  0.350000  1.800000  orientation 0.00
drill  0.000000
shape_offset  0.000000  0.000000
$EndPAD
$PAD "27"
Shape Rect Layer front
position -3.575000 -3.200000  size  0.350000  1.800000  orientation 0.00
drill  0.000000
shape_offset  0.000000  0.000000
$EndPAD
$PAD "28"
Shape Rect Layer front
position -4.225000 -3.200000  size  0.350000  1.800000  orientation 0.00
drill  0.000000
shape_offset  0.000000  0.000000
$EndPAD
$EndMODULE  GL850G1

$MODULE I1
footprint ScottoKeebs_Hotswap:Hotswap_MX_1.00u
attribut smd
position 190.944000 107.400000  orientation 0.00
layer front
$PAD ""
Shape Circle Layer both
position -5.080000  0.000000  size  1.750000  1.750000  orientation 0.00
drill  1.750000
shape_offset  0.000000  0.000000
$EndPAD
$PAD ""
Shape Circle Layer both
position -3.810000 -2.540000  size  3.050000  3.050000  orientation 0.00
drill  3.050000
shape_offset  0.000000  0.000000
$EndPAD
$PAD ""
Shape Circle Layer both
position  0.000000  0.000000  size  4.000000  4.000000  orientation 0.00
drill  4.000000
shape_offset  0.000000  0.000000
$EndPAD
$PAD ""
Shape Circle Layer both
position  2.540000 -5.080000  size  3.050000  3.050000  orientation 0.00
drill  3.050000
shape_offset  0.000000  0.000000
$EndPAD
$PAD ""
Shape Circle Layer both
position  5.080000  0.000000  size  1.750000  1.750000  orientation 0.00
drill  1.750000
shape_offset  0.000000  0.000000
$EndPAD
$PAD "1"
Shape Roundrect Layer back
position -7.085000 -2.540000  size  2.550000  2.500000  orientation 0.00
drill  0.000000
shape_offset  0.000000  0.000000
$EndPAD
$PAD "2"
Shape Roundrect Layer back
position  5.842000 -5.080000  size  2.550000  2.500000  orientation 0.00
drill  0.000000
shape_offset  0.000000  0.000000
$EndPAD
$EndMODULE  I1

$MODULE J1
footprint NC3FAAH:NEUTRIK_NC3FAAH
attribut none
position 142.970000 21.450000  orientation 180.00
layer front
$PAD ""
Shape Circle Layer both
position -3.810000 -2.540000  size  1.600000  1.600000  orientation 0.00
drill  1.600000
shape_offset  0.000000  0.000000
$EndPAD
$PAD ""
Shape Circle Layer both
position  3.810000  2.540000  size  1.600000  1.600000  orientation 0.00
drill  1.600000
shape_offset  0.000000  0.000000
$EndPAD
$PAD "1"
Shape Rect Layer both
position  3.810000 -6.350000  size  2.400000  2.400000  orientation 0.00
drill  1.600000
shape_offset  0.000000  0.000000
$EndPAD
$PAD "2"
Shape Circle Layer both
position -3.810000 -6.985000  size  2.400000  2.400000  orientation 0.00
drill  1.600000
shape_offset  0.000000  0.000000
$EndPAD
$PAD "3"
Shape Circle Layer both
position  0.000000 -10.800000  size  1.800000  1.800000  orientation 0.00
drill  1.200000
shape_offset  0.000000  0.000000
$EndPAD
$EndMODULE  J1

$MODULE J2
footprint ScottoKeebs_Components:USB_C_HRO_TYPE-C-31-M-12
attribut smd
position 161.470000 17.710000  orientation 180.00
layer front
$PAD ""
Shape Circle Layer both
position -2.890000 -2.600000  size  0.650000  0.650000  orientation 0.00
drill  0.650000
shape_offset  0.000000  0.000000
$EndPAD
$PAD ""
Shape Circle Layer both
position  2.890000 -2.600000  size  0.650000  0.650000  orientation 0.00
drill  0.650000
shape_offset  0.000000  0.000000
$EndPAD
$PAD "A1"
Shape Rect Layer front
position -3.250000 -4.045000  size  0.600000  1.450000  orientation 0.00
drill  0.000000
shape_offset  0.000000  0.000000
$EndPAD
$PAD "A4"
Shape Rect Layer front
position -2.450000 -4.045000  size  0.600000  1.450000  orientation 0.00
drill  0.000000
shape_offset  0.000000  0.000000
$EndPAD
$PAD "A5"
Shape Rect Layer front
position -1.250000 -4.045000  size  0.300000  1.450000  orientation 0.00
drill  0.000000
shape_offset  0.000000  0.000000
$EndPAD
$PAD "A6"
Shape Rect Layer front
position -0.250000 -4.045000  size  0.300000  1.450000  orientation 0.00
drill  0.000000
shape_offset  0.000000  0.000000
$EndPAD
$PAD "A7"
Shape Rect Layer front
position  0.250000 -4.045000  size  0.300000  1.450000  orientation 0.00
drill  0.000000
shape_offset  0.000000  0.000000
$EndPAD
$PAD "A8"
Shape Rect Layer front
position  1.250000 -4.045000  size  0.300000  1.450000  orientation 0.00
drill  0.000000
shape_offset  0.000000  0.000000
$EndPAD
$PAD "A9"
Shape Rect Layer front
position  2.450000 -4.045000  size  0.600000  1.450000  orientation 0.00
drill  0.000000
shape_offset  0.000000  0.000000
$EndPAD
$PAD "A12"
Shape Rect Layer front
position  3.250000 -4.045000  size  0.600000  1.450000  orientation 0.00
drill  0.000000
shape_offset  0.000000  0.000000
$EndPAD
$PAD "B1"
Shape Rect Layer front
position  3.250000 -4.045000  size  0.600000  1.450000  orientation 0.00
drill  0.000000
shape_offset  0.000000  0.000000
$EndPAD
$PAD "B4"
Shape Rect Layer front
position  2.450000 -4.045000  size  0.600000  1.450000  orientation 0.00
drill  0.000000
shape_offset  0.000000  0.000000
$EndPAD
$PAD "B5"
Shape Rect Layer front
position  1.750000 -4.045000  size  0.300000  1.450000  orientation 0.00
drill  0.000000
shape_offset  0.000000  0.000000
$EndPAD
$PAD "B6"
Shape Rect Layer front
position  0.750000 -4.045000  size  0.300000  1.450000  orientation 0.00
drill  0.000000
shape_offset  0.000000  0.000000
$EndPAD
$PAD "B7"
Shape Rect Layer front
position -0.750000 -4.045000  size  0.300000  1.450000  orientation 0.00
drill  0.000000
shape_offset  0.000000  0.000000
$EndPAD
$PAD "B8"
Shape Rect Layer front
position -1.750000 -4.045000  size  0.300000  1.450000  orientation 0.00
drill  0.000000
shape_offset  0.000000  0.000000
$EndPAD
$PAD "B9"
Shape Rect Layer front
position -2.450000 -4.045000  size  0.600000  1.450000  orientation 0.00
drill  0.000000
shape_offset  0.000000  0.000000
$EndPAD
$PAD "B12"
Shape Rect Layer front
position -3.250000 -4.045000  size  0.600000  1.450000  orientation 0.00
drill  0.000000
shape_offset  0.000000  0.000000
$EndPAD
$PAD "S1"
Shape Oval Layer both
position -4.320000 -3.130000  size  1.000000  2.100000  orientation 0.00
drill  0.600000
shape_offset  0.000000  0.000000
$EndPAD
$PAD "S1"
Shape Oval Layer both
position -4.320000  1.050000  size  1.000000  1.600000  orientation 0.00
drill  0.600000
shape_offset  0.000000  0.000000
$EndPAD
$PAD "S1"
Shape Oval Layer both
position  4.320000 -3.130000  size  1.000000  2.100000  orientation 0.00
drill  0.600000
shape_offset  0.000000  0.000000
$EndPAD
$PAD "S1"
Shape Oval Layer both
position  4.320000  1.050000  size  1.000000  1.600000  orientation 0.00
drill  0.600000
shape_offset  0.000000  0.000000
$EndPAD
$EndMODULE  J2

$MODULE J3
footprint USB1046-GF-0190-L-B-A_REVB4:GCT_USB1046-GF-0190-L-B-A_REVB4
attribut smd
position 122.460000 24.080000  orientation 180.00
layer front
$PAD "1"
Shape Rect Layer front
position -3.500000 -3.700000  size  1.300000  3.000000  orientation 0.00
drill  0.000000
shape_offset  0.000000  0.000000
$EndPAD
$PAD "2"
Shape Rect Layer front
position -1.000000 -3.700000  size  1.300000  3.000000  orientation 0.00
drill  0.000000
shape_offset  0.000000  0.000000
$EndPAD
$PAD "3"
Shape Rect Layer front
position  1.000000 -3.700000  size  1.300000  3.000000  orientation 0.00
drill  0.000000
shape_offset  0.000000  0.000000
$EndPAD
$PAD "4"
Shape Rect Layer front
position  3.500000 -3.700000  size  1.300000  3.000000  orientation 0.00
drill  0.000000
shape_offset  0.000000  0.000000
$EndPAD
$PAD "SH1"
Shape Oval Layer both
position -6.400000  0.000000  size  1.000000  2.700000  orientation 0.00
drill  0.600000
shape_offset  0.000000  0.000000
$EndPAD
$PAD "SH2"
Shape Oval Layer both
position  6.400000  0.000000  size  1.000000  2.700000  orientation 0.00
drill  0.600000
shape_offset  0.000000  0.000000
$EndPAD
$EndMODULE  J3

$MODULE J4
footprint USB1046-GF-0190-L-B-A_REVB4:GCT_USB1046-GF-0190-L-B-A_REVB4
attribut smd
position 200.480000 24.080000  orientation 180.00
layer front
$PAD "1"
Shape Rect Layer front
position -3.500000 -3.700000  size  1.300000  3.000000  orientation 0.00
drill  0.000000
shape_offset  0.000000  0.000000
$EndPAD
$PAD "2"
Shape Rect Layer front
position -1.000000 -3.700000  size  1.300000  3.000000  orientation 0.00
drill  0.000000
shape_offset  0.000000  0.000000
$EndPAD
$PAD "3"
Shape Rect Layer front
position  1.000000 -3.700000  size  1.300000  3.000000  orientation 0.00
drill  0.000000
shape_offset  0.000000  0.000000
$EndPAD
$PAD "4"
Shape Rect Layer front
position  3.500000 -3.700000  size  1.300000  3.000000  orientation 0.00
drill  0.000000
shape_offset  0.000000  0.000000
$EndPAD
$PAD "SH1"
Shape Oval Layer both
position -6.400000  0.000000  size  1.000000  2.700000  orientation 0.00
drill  0.600000
shape_offset  0.000000  0.000000
$EndPAD
$PAD "SH2"
Shape Oval Layer both
position  6.400000  0.000000  size  1.000000  2.700000  orientation 0.00
drill  0.600000
shape_offset  0.000000  0.000000
$EndPAD
$EndMODULE  J4

$MODULE J5
footprint NC3FAAH:NEUTRIK_NC3FAAH
attribut none
position 179.970000 21.450000  orientation 180.00
layer front
$PAD ""
Shape Circle Layer both
position -3.810000 -2.540000  size  1.600000  1.600000  orientation 0.00
drill  1.600000
shape_offset  0.000000  0.000000
$EndPAD
$PAD ""
Shape Circle Layer both
position  3.810000  2.540000  size  1.600000  1.600000  orientation 0.00
drill  1.600000
shape_offset  0.000000  0.000000
$EndPAD
$PAD "1"
Shape Rect Layer both
position  3.810000 -6.350000  size  2.400000  2.400000  orientation 0.00
drill  1.600000
shape_offset  0.000000  0.000000
$EndPAD
$PAD "2"
Shape Circle Layer both
position -3.810000 -6.985000  size  2.400000  2.400000  orientation 0.00
drill  1.600000
shape_offset  0.000000  0.000000
$EndPAD
$PAD "3"
Shape Circle Layer both
position  0.000000 -10.800000  size  1.800000  1.800000  orientation 0.00
drill  1.200000
shape_offset  0.000000  0.000000
$EndPAD
$EndMODULE  J5

$MODULE J6
footprint ScottoKeebs_Components:OLED_128x32
attribut none
position 267.245000 41.690000  orientation 0.00
layer front
$PAD "1"
Shape Rect Layer both
position  1.600000  9.800000  size  1.700000  1.700000  orientation 180.00
drill  1.000000
shape_offset  0.000000  0.000000
$EndPAD
$PAD "2"
Shape Oval Layer both
position  1.600000  7.260000  size  1.700000  1.700000  orientation 180.00
drill  1.000000
shape_offset  0.000000  0.000000
$EndPAD
$PAD "3"
Shape Oval Layer both
position  1.600000  4.720000  size  1.700000  1.700000  orientation 180.00
drill  1.000000
shape_offset  0.000000  0.000000
$EndPAD
$PAD "4"
Shape Oval Layer both
position  1.600000  2.180000  size  1.700000  1.700000  orientation 180.00
drill  1.000000
shape_offset  0.000000  0.000000
$EndPAD
$EndMODULE  J6

$MODULE Left1
footprint ScottoKeebs_Hotswap:Hotswap_MX_1.00u
attribut smd
position 257.621000 183.600000  orientation 0.00
layer front
$PAD ""
Shape Circle Layer both
position -5.080000  0.000000  size  1.750000  1.750000  orientation 0.00
drill  1.750000
shape_offset  0.000000  0.000000
$EndPAD
$PAD ""
Shape Circle Layer both
position -3.810000 -2.540000  size  3.050000  3.050000  orientation 0.00
drill  3.050000
shape_offset  0.000000  0.000000
$EndPAD
$PAD ""
Shape Circle Layer both
position  0.000000  0.000000  size  4.000000  4.000000  orientation 0.00
drill  4.000000
shape_offset  0.000000  0.000000
$EndPAD
$PAD ""
Shape Circle Layer both
position  2.540000 -5.080000  size  3.050000  3.050000  orientation 0.00
drill  3.050000
shape_offset  0.000000  0.000000
$EndPAD
$PAD ""
Shape Circle Layer both
position  5.080000  0.000000  size  1.750000  1.750000  orientation 0.00
drill  1.750000
shape_offset  0.000000  0.000000
$EndPAD
$PAD "1"
Shape Roundrect Layer back
position -7.085000 -2.540000  size  2.550000  2.500000  orientation 0.00
drill  0.000000
shape_offset  0.000000  0.000000
$EndPAD
$PAD "2"
Shape Roundrect Layer back
position  5.842000 -5.080000  size  2.550000  2.500000  orientation 0.00
drill  0.000000
shape_offset  0.000000  0.000000
$EndPAD
$EndMODULE  Left1

$MODULE O1
footprint ScottoKeebs_Hotswap:Hotswap_MX_1.00u
attribut smd
position 209.884000 107.400000  orientation 0.00
layer front
$PAD ""
Shape Circle Layer both
position -5.080000  0.000000  size  1.750000  1.750000  orientation 0.00
drill  1.750000
shape_offset  0.000000  0.000000
$EndPAD
$PAD ""
Shape Circle Layer both
position -3.810000 -2.540000  size  3.050000  3.050000  orientation 0.00
drill  3.050000
shape_offset  0.000000  0.000000
$EndPAD
$PAD ""
Shape Circle Layer both
position  0.000000  0.000000  size  4.000000  4.000000  orientation 0.00
drill  4.000000
shape_offset  0.000000  0.000000
$EndPAD
$PAD ""
Shape Circle Layer both
position  2.540000 -5.080000  size  3.050000  3.050000  orientation 0.00
drill  3.050000
shape_offset  0.000000  0.000000
$EndPAD
$PAD ""
Shape Circle Layer both
position  5.080000  0.000000  size  1.750000  1.750000  orientation 0.00
drill  1.750000
shape_offset  0.000000  0.000000
$EndPAD
$PAD "1"
Shape Roundrect Layer back
position -7.085000 -2.540000  size  2.550000  2.500000  orientation 0.00
drill  0.000000
shape_offset  0.000000  0.000000
$EndPAD
$PAD "2"
Shape Roundrect Layer back
position  5.842000 -5.080000  size  2.550000  2.500000  orientation 0.00
drill  0.000000
shape_offset  0.000000  0.000000
$EndPAD
$EndMODULE  O1

$MODULE Option1
footprint ScottoKeebs_Hotswap:Hotswap_MX_1.00u
attribut smd
position 67.120000 164.550000  orientation 0.00
layer front
$PAD ""
Shape Circle Layer both
position -5.080000  0.000000  size  1.750000  1.750000  orientation 0.00
drill  1.750000
shape_offset  0.000000  0.000000
$EndPAD
$PAD ""
Shape Circle Layer both
position -3.810000 -2.540000  size  3.050000  3.050000  orientation 0.00
drill  3.050000
shape_offset  0.000000  0.000000
$EndPAD
$PAD ""
Shape Circle Layer both
position  0.000000  0.000000  size  4.000000  4.000000  orientation 0.00
drill  4.000000
shape_offset  0.000000  0.000000
$EndPAD
$PAD ""
Shape Circle Layer both
position  2.540000 -5.080000  size  3.050000  3.050000  orientation 0.00
drill  3.050000
shape_offset  0.000000  0.000000
$EndPAD
$PAD ""
Shape Circle Layer both
position  5.080000  0.000000  size  1.750000  1.750000  orientation 0.00
drill  1.750000
shape_offset  0.000000  0.000000
$EndPAD
$PAD "1"
Shape Roundrect Layer back
position -7.085000 -2.540000  size  2.550000  2.500000  orientation 0.00
drill  0.000000
shape_offset  0.000000  0.000000
$EndPAD
$PAD "2"
Shape Roundrect Layer back
position  5.842000 -5.080000  size  2.550000  2.500000  orientation 0.00
drill  0.000000
shape_offset  0.000000  0.000000
$EndPAD
$EndMODULE  Option1

$MODULE Option2
footprint ScottoKeebs_Hotswap:Hotswap_MX_1.00u
attribut smd
position 238.571000 164.550000  orientation 0.00
layer front
$PAD ""
Shape Circle Layer both
position -5.080000  0.000000  size  1.750000  1.750000  orientation 0.00
drill  1.750000
shape_offset  0.000000  0.000000
$EndPAD
$PAD ""
Shape Circle Layer both
position -3.810000 -2.540000  size  3.050000  3.050000  orientation 0.00
drill  3.050000
shape_offset  0.000000  0.000000
$EndPAD
$PAD ""
Shape Circle Layer both
position  0.000000  0.000000  size  4.000000  4.000000  orientation 0.00
drill  4.000000
shape_offset  0.000000  0.000000
$EndPAD
$PAD ""
Shape Circle Layer both
position  2.540000 -5.080000  size  3.050000  3.050000  orientation 0.00
drill  3.050000
shape_offset  0.000000  0.000000
$EndPAD
$PAD ""
Shape Circle Layer both
position  5.080000  0.000000  size  1.750000  1.750000  orientation 0.00
drill  1.750000
shape_offset  0.000000  0.000000
$EndPAD
$PAD "1"
Shape Roundrect Layer back
position -7.085000 -2.540000  size  2.550000  2.500000  orientation 0.00
drill  0.000000
shape_offset  0.000000  0.000000
$EndPAD
$PAD "2"
Shape Roundrect Layer back
position  5.842000 -5.080000  size  2.550000  2.500000  orientation 0.00
drill  0.000000
shape_offset  0.000000  0.000000
$EndPAD
$EndMODULE  Option2

$MODULE P1
footprint ScottoKeebs_Hotswap:Hotswap_MX_1.00u
attribut smd
position 229.044000 107.400000  orientation 0.00
layer front
$PAD ""
Shape Circle Layer both
position -5.080000  0.000000  size  1.750000  1.750000  orientation 0.00
drill  1.750000
shape_offset  0.000000  0.000000
$EndPAD
$PAD ""
Shape Circle Layer both
position -3.810000 -2.540000  size  3.050000  3.050000  orientation 0.00
drill  3.050000
shape_offset  0.000000  0.000000
$EndPAD
$PAD ""
Shape Circle Layer both
position  0.000000  0.000000  size  4.000000  4.000000  orientation 0.00
drill  4.000000
shape_offset  0.000000  0.000000
$EndPAD
$PAD ""
Shape Circle Layer both
position  2.540000 -5.080000  size  3.050000  3.050000  orientation 0.00
drill  3.050000
shape_offset  0.000000  0.000000
$EndPAD
$PAD ""
Shape Circle Layer both
position  5.080000  0.000000  size  1.750000  1.750000  orientation 0.00
drill  1.750000
shape_offset  0.000000  0.000000
$EndPAD
$PAD "1"
Shape Roundrect Layer back
position -7.085000 -2.540000  size  2.550000  2.500000  orientation 0.00
drill  0.000000
shape_offset  0.000000  0.000000
$EndPAD
$PAD "2"
Shape Roundrect Layer back
position  5.842000 -5.080000  size  2.550000  2.500000  orientation 0.00
drill  0.000000
shape_offset  0.000000  0.000000
$EndPAD
$EndMODULE  P1

$MODULE PgDown1
footprint ScottoKeebs_Hotswap:Hotswap_MX_1.00u
attribut smd
position 295.721000 164.550000  orientation 0.00
layer front
$PAD ""
Shape Circle Layer both
position -5.080000  0.000000  size  1.750000  1.750000  orientation 0.00
drill  1.750000
shape_offset  0.000000  0.000000
$EndPAD
$PAD ""
Shape Circle Layer both
position -3.810000 -2.540000  size  3.050000  3.050000  orientation 0.00
drill  3.050000
shape_offset  0.000000  0.000000
$EndPAD
$PAD ""
Shape Circle Layer both
position  0.000000  0.000000  size  4.000000  4.000000  orientation 0.00
drill  4.000000
shape_offset  0.000000  0.000000
$EndPAD
$PAD ""
Shape Circle Layer both
position  2.540000 -5.080000  size  3.050000  3.050000  orientation 0.00
drill  3.050000
shape_offset  0.000000  0.000000
$EndPAD
$PAD ""
Shape Circle Layer both
position  5.080000  0.000000  size  1.750000  1.750000  orientation 0.00
drill  1.750000
shape_offset  0.000000  0.000000
$EndPAD
$PAD "1"
Shape Roundrect Layer back
position -7.085000 -2.540000  size  2.550000  2.500000  orientation 0.00
drill  0.000000
shape_offset  0.000000  0.000000
$EndPAD
$PAD "2"
Shape Roundrect Layer back
position  5.842000 -5.080000  size  2.550000  2.500000  orientation 0.00
drill  0.000000
shape_offset  0.000000  0.000000
$EndPAD
$EndMODULE  PgDown1

$MODULE PgUp1
footprint ScottoKeebs_Hotswap:Hotswap_MX_1.00u
attribut smd
position 257.621000 164.550000  orientation 0.00
layer front
$PAD ""
Shape Circle Layer both
position -5.080000  0.000000  size  1.750000  1.750000  orientation 0.00
drill  1.750000
shape_offset  0.000000  0.000000
$EndPAD
$PAD ""
Shape Circle Layer both
position -3.810000 -2.540000  size  3.050000  3.050000  orientation 0.00
drill  3.050000
shape_offset  0.000000  0.000000
$EndPAD
$PAD ""
Shape Circle Layer both
position  0.000000  0.000000  size  4.000000  4.000000  orientation 0.00
drill  4.000000
shape_offset  0.000000  0.000000
$EndPAD
$PAD ""
Shape Circle Layer both
position  2.540000 -5.080000  size  3.050000  3.050000  orientation 0.00
drill  3.050000
shape_offset  0.000000  0.000000
$EndPAD
$PAD ""
Shape Circle Layer both
position  5.080000  0.000000  size  1.750000  1.750000  orientation 0.00
drill  1.750000
shape_offset  0.000000  0.000000
$EndPAD
$PAD "1"
Shape Roundrect Layer back
position -7.085000 -2.540000  size  2.550000  2.500000  orientation 0.00
drill  0.000000
shape_offset  0.000000  0.000000
$EndPAD
$PAD "2"
Shape Roundrect Layer back
position  5.842000 -5.080000  size  2.550000  2.500000  orientation 0.00
drill  0.000000
shape_offset  0.000000  0.000000
$EndPAD
$EndMODULE  PgUp1

$MODULE Q1
footprint ScottoKeebs_Hotswap:Hotswap_MX_1.00u
attribut smd
position 57.594000 107.400000  orientation 0.00
layer front
$PAD ""
Shape Circle Layer both
position -5.080000  0.000000  size  1.750000  1.750000  orientation 0.00
drill  1.750000
shape_offset  0.000000  0.000000
$EndPAD
$PAD ""
Shape Circle Layer both
position -3.810000 -2.540000  size  3.050000  3.050000  orientation 0.00
drill  3.050000
shape_offset  0.000000  0.000000
$EndPAD
$PAD ""
Shape Circle Layer both
position  0.000000  0.000000  size  4.000000  4.000000  orientation 0.00
drill  4.000000
shape_offset  0.000000  0.000000
$EndPAD
$PAD ""
Shape Circle Layer both
position  2.540000 -5.080000  size  3.050000  3.050000  orientation 0.00
drill  3.050000
shape_offset  0.000000  0.000000
$EndPAD
$PAD ""
Shape Circle Layer both
position  5.080000  0.000000  size  1.750000  1.750000  orientation 0.00
drill  1.750000
shape_offset  0.000000  0.000000
$EndPAD
$PAD "1"
Shape Roundrect Layer back
position -7.085000 -2.540000  size  2.550000  2.500000  orientation 0.00
drill  0.000000
shape_offset  0.000000  0.000000
$EndPAD
$PAD "2"
Shape Roundrect Layer back
position  5.842000 -5.080000  size  2.550000  2.500000  orientation 0.00
drill  0.000000
shape_offset  0.000000  0.000000
$EndPAD
$EndMODULE  Q1

$MODULE R1
footprint Resistor_SMD:R_0805_2012Metric
attribut smd
position 168.740000 37.672500  orientation 90.00
layer front
$PAD "1"
Shape Roundrect Layer front
position -0.912500  0.000000  size  1.025000  1.400000  orientation 0.00
drill  0.000000
shape_offset  0.000000  0.000000
$EndPAD
$PAD "2"
Shape Roundrect Layer front
position  0.912500  0.000000  size  1.025000  1.400000  orientation 0.00
drill  0.000000
shape_offset  0.000000  0.000000
$EndPAD
$EndMODULE  R1

$MODULE R3
footprint Resistor_SMD:R_0805_2012Metric
attribut smd
position 156.007500 38.250000  orientation 180.00
layer front
$PAD "1"
Shape Roundrect Layer front
position -0.912500  0.000000  size  1.025000  1.400000  orientation 0.00
drill  0.000000
shape_offset  0.000000  0.000000
$EndPAD
$PAD "2"
Shape Roundrect Layer front
position  0.912500  0.000000  size  1.025000  1.400000  orientation 0.00
drill  0.000000
shape_offset  0.000000  0.000000
$EndPAD
$EndMODULE  R3

$MODULE R4
footprint Resistor_SMD:R_0805_2012Metric
attribut smd
position 159.050000 40.862500  orientation -90.00
layer front
$PAD "1"
Shape Roundrect Layer front
position -0.912500  0.000000  size  1.025000  1.400000  orientation 360.00
drill  0.000000
shape_offset  0.000000  0.000000
$EndPAD
$PAD "2"
Shape Roundrect Layer front
position  0.912500  0.000000  size  1.025000  1.400000  orientation 360.00
drill  0.000000
shape_offset  0.000000  0.000000
$EndPAD
$EndMODULE  R4

$MODULE R5
footprint Resistor_SMD:R_1206_3216Metric
attribut smd
position 147.430000 57.407500  orientation 90.00
layer front
$PAD "1"
Shape Roundrect Layer front
position -1.462500  0.000000  size  1.125000  1.750000  orientation 0.00
drill  0.000000
shape_offset  0.000000  0.000000
$EndPAD
$PAD "2"
Shape Roundrect Layer front
position  1.462500  0.000000  size  1.125000  1.750000  orientation 0.00
drill  0.000000
shape_offset  0.000000  0.000000
$EndPAD
$EndMODULE  R5

$MODULE R6
footprint Resistor_SMD:R_1206_3216Metric
attribut smd
position 107.992500 29.160000  orientation 180.00
layer front
$PAD "1"
Shape Roundrect Layer front
position -1.462500  0.000000  size  1.125000  1.750000  orientation 0.00
drill  0.000000
shape_offset  0.000000  0.000000
$EndPAD
$PAD "2"
Shape Roundrect Layer front
position  1.462500  0.000000  size  1.125000  1.750000  orientation 0.00
drill  0.000000
shape_offset  0.000000  0.000000
$EndPAD
$EndMODULE  R6

$MODULE R7
footprint Resistor_SMD:R_1206_3216Metric
attribut smd
position 134.340000 44.072500  orientation 90.00
layer front
$PAD "1"
Shape Roundrect Layer front
position -1.462500  0.000000  size  1.125000  1.750000  orientation 0.00
drill  0.000000
shape_offset  0.000000  0.000000
$EndPAD
$PAD "2"
Shape Roundrect Layer front
position  1.462500  0.000000  size  1.125000  1.750000  orientation 0.00
drill  0.000000
shape_offset  0.000000  0.000000
$EndPAD
$EndMODULE  R7

$MODULE R8
footprint Resistor_SMD:R_0805_2012Metric
attribut smd
position 163.552500 24.892000  orientation 0.00
layer back
$PAD "1"
Shape Roundrect Layer back
position -0.912500  0.000000  size  1.025000  1.400000  orientation 0.00
drill  0.000000
shape_offset  0.000000  0.000000
$EndPAD
$PAD "2"
Shape Roundrect Layer back
position  0.912500  0.000000  size  1.025000  1.400000  orientation 0.00
drill  0.000000
shape_offset  0.000000  0.000000
$EndPAD
$EndMODULE  R8

$MODULE R9
footprint Resistor_SMD:R_0805_2012Metric
attribut smd
position 158.726500 24.892000  orientation 180.00
layer front
$PAD "1"
Shape Roundrect Layer front
position -0.912500  0.000000  size  1.025000  1.400000  orientation 0.00
drill  0.000000
shape_offset  0.000000  0.000000
$EndPAD
$PAD "2"
Shape Roundrect Layer front
position  0.912500  0.000000  size  1.025000  1.400000  orientation 0.00
drill  0.000000
shape_offset  0.000000  0.000000
$EndPAD
$EndMODULE  R9

$MODULE R11
footprint Resistor_SMD:R_0402_1005Metric
attribut smd
position 163.370000 47.850000  orientation -90.00
layer front
$PAD "1"
Shape Roundrect Layer front
position -0.510000  0.000000  size  0.540000  0.640000  orientation 360.00
drill  0.000000
shape_offset  0.000000  0.000000
$EndPAD
$PAD "2"
Shape Roundrect Layer front
position  0.510000  0.000000  size  0.540000  0.640000  orientation 360.00
drill  0.000000
shape_offset  0.000000  0.000000
$EndPAD
$EndMODULE  R11

$MODULE R12
footprint Resistor_SMD:R_1206_3216Metric
attribut smd
position 153.354500 33.401000  orientation 0.00
layer back
$PAD "1"
Shape Roundrect Layer back
position -1.462500  0.000000  size  1.125000  1.750000  orientation 0.00
drill  0.000000
shape_offset  0.000000  0.000000
$EndPAD
$PAD "2"
Shape Roundrect Layer back
position  1.462500  0.000000  size  1.125000  1.750000  orientation 0.00
drill  0.000000
shape_offset  0.000000  0.000000
$EndPAD
$EndMODULE  R12

$MODULE R13
footprint Resistor_SMD:R_0805_2012Metric
attribut smd
position 153.967500 30.750000  orientation 0.00
layer back
$PAD "1"
Shape Roundrect Layer back
position -0.912500  0.000000  size  1.025000  1.400000  orientation 0.00
drill  0.000000
shape_offset  0.000000  0.000000
$EndPAD
$PAD "2"
Shape Roundrect Layer back
position  0.912500  0.000000  size  1.025000  1.400000  orientation 0.00
drill  0.000000
shape_offset  0.000000  0.000000
$EndPAD
$EndMODULE  R13

$MODULE R14
footprint Resistor_SMD:R_1206_3216Metric
attribut smd
position 168.902500 40.900000  orientation 0.00
layer front
$PAD "1"
Shape Roundrect Layer front
position -1.462500  0.000000  size  1.125000  1.750000  orientation 0.00
drill  0.000000
shape_offset  0.000000  0.000000
$EndPAD
$PAD "2"
Shape Roundrect Layer front
position  1.462500  0.000000  size  1.125000  1.750000  orientation 0.00
drill  0.000000
shape_offset  0.000000  0.000000
$EndPAD
$EndMODULE  R14

$MODULE R15
footprint Resistor_SMD:R_1206_3216Metric
attribut smd
position 171.587500 29.000000  orientation 180.00
layer back
$PAD "1"
Shape Roundrect Layer back
position -1.462500  0.000000  size  1.125000  1.750000  orientation 0.00
drill  0.000000
shape_offset  0.000000  0.000000
$EndPAD
$PAD "2"
Shape Roundrect Layer back
position  1.462500  0.000000  size  1.125000  1.750000  orientation 0.00
drill  0.000000
shape_offset  0.000000  0.000000
$EndPAD
$EndMODULE  R15

$MODULE R16
footprint Resistor_SMD:R_1206_3216Metric
attribut smd
position 265.542500 46.030000  orientation 90.00
layer front
$PAD "1"
Shape Roundrect Layer front
position -1.462500  0.000000  size  1.125000  1.750000  orientation 0.00
drill  0.000000
shape_offset  0.000000  0.000000
$EndPAD
$PAD "2"
Shape Roundrect Layer front
position  1.462500  0.000000  size  1.125000  1.750000  orientation 0.00
drill  0.000000
shape_offset  0.000000  0.000000
$EndPAD
$EndMODULE  R16

$MODULE R17
footprint Resistor_SMD:R_1206_3216Metric
attribut smd
position 262.742500 46.030000  orientation 90.00
layer front
$PAD "1"
Shape Roundrect Layer front
position -1.462500  0.000000  size  1.125000  1.750000  orientation 0.00
drill  0.000000
shape_offset  0.000000  0.000000
$EndPAD
$PAD "2"
Shape Roundrect Layer front
position  1.462500  0.000000  size  1.125000  1.750000  orientation 0.00
drill  0.000000
shape_offset  0.000000  0.000000
$EndPAD
$EndMODULE  R17

$MODULE Right1
footprint ScottoKeebs_Hotswap:Hotswap_MX_1.00u
attribut smd
position 295.721000 183.600000  orientation 0.00
layer front
$PAD ""
Shape Circle Layer both
position -5.080000  0.000000  size  1.750000  1.750000  orientation 0.00
drill  1.750000
shape_offset  0.000000  0.000000
$EndPAD
$PAD ""
Shape Circle Layer both
position -3.810000 -2.540000  size  3.050000  3.050000  orientation 0.00
drill  3.050000
shape_offset  0.000000  0.000000
$EndPAD
$PAD ""
Shape Circle Layer both
position  0.000000  0.000000  size  4.000000  4.000000  orientation 0.00
drill  4.000000
shape_offset  0.000000  0.000000
$EndPAD
$PAD ""
Shape Circle Layer both
position  2.540000 -5.080000  size  3.050000  3.050000  orientation 0.00
drill  3.050000
shape_offset  0.000000  0.000000
$EndPAD
$PAD ""
Shape Circle Layer both
position  5.080000  0.000000  size  1.750000  1.750000  orientation 0.00
drill  1.750000
shape_offset  0.000000  0.000000
$EndPAD
$PAD "1"
Shape Roundrect Layer back
position -7.085000 -2.540000  size  2.550000  2.500000  orientation 0.00
drill  0.000000
shape_offset  0.000000  0.000000
$EndPAD
$PAD "2"
Shape Roundrect Layer back
position  5.842000 -5.080000  size  2.550000  2.500000  orientation 0.00
drill  0.000000
shape_offset  0.000000  0.000000
$EndPAD
$EndMODULE  Right1

$MODULE RKey1
footprint ScottoKeebs_Hotswap:Hotswap_MX_1.00u
attribut smd
position 114.744000 107.400000  orientation 0.00
layer front
$PAD ""
Shape Circle Layer both
position -5.080000  0.000000  size  1.750000  1.750000  orientation 0.00
drill  1.750000
shape_offset  0.000000  0.000000
$EndPAD
$PAD ""
Shape Circle Layer both
position -3.810000 -2.540000  size  3.050000  3.050000  orientation 0.00
drill  3.050000
shape_offset  0.000000  0.000000
$EndPAD
$PAD ""
Shape Circle Layer both
position  0.000000  0.000000  size  4.000000  4.000000  orientation 0.00
drill  4.000000
shape_offset  0.000000  0.000000
$EndPAD
$PAD ""
Shape Circle Layer both
position  2.540000 -5.080000  size  3.050000  3.050000  orientation 0.00
drill  3.050000
shape_offset  0.000000  0.000000
$EndPAD
$PAD ""
Shape Circle Layer both
position  5.080000  0.000000  size  1.750000  1.750000  orientation 0.00
drill  1.750000
shape_offset  0.000000  0.000000
$EndPAD
$PAD "1"
Shape Roundrect Layer back
position -7.085000 -2.540000  size  2.550000  2.500000  orientation 0.00
drill  0.000000
shape_offset  0.000000  0.000000
$EndPAD
$PAD "2"
Shape Roundrect Layer back
position  5.842000 -5.080000  size  2.550000  2.500000  orientation 0.00
drill  0.000000
shape_offset  0.000000  0.000000
$EndPAD
$EndMODULE  RKey1

$MODULE S45
footprint ScottoKeebs_Hotswap:Hotswap_MX_1.75u
attribut smd
position 36.163500 126.450000  orientation 0.00
layer front
$PAD ""
Shape Circle Layer both
position -5.080000  0.000000  size  1.750000  1.750000  orientation 0.00
drill  1.750000
shape_offset  0.000000  0.000000
$EndPAD
$PAD ""
Shape Circle Layer both
position -3.810000 -2.540000  size  3.050000  3.050000  orientation 0.00
drill  3.050000
shape_offset  0.000000  0.000000
$EndPAD
$PAD ""
Shape Circle Layer both
position  0.000000  0.000000  size  4.000000  4.000000  orientation 0.00
drill  4.000000
shape_offset  0.000000  0.000000
$EndPAD
$PAD ""
Shape Circle Layer both
position  2.540000 -5.080000  size  3.050000  3.050000  orientation 0.00
drill  3.050000
shape_offset  0.000000  0.000000
$EndPAD
$PAD ""
Shape Circle Layer both
position  5.080000  0.000000  size  1.750000  1.750000  orientation 0.00
drill  1.750000
shape_offset  0.000000  0.000000
$EndPAD
$PAD "1"
Shape Roundrect Layer back
position -7.085000 -2.540000  size  2.550000  2.500000  orientation 0.00
drill  0.000000
shape_offset  0.000000  0.000000
$EndPAD
$PAD "2"
Shape Roundrect Layer back
position  5.842000 -5.080000  size  2.550000  2.500000  orientation 0.00
drill  0.000000
shape_offset  0.000000  0.000000
$EndPAD
$EndMODULE  S45

$MODULE S46
footprint ScottoKeebs_Hotswap:Hotswap_MX_1.00u
attribut smd
position 62.357000 126.450000  orientation 0.00
layer front
$PAD ""
Shape Circle Layer both
position -5.080000  0.000000  size  1.750000  1.750000  orientation 0.00
drill  1.750000
shape_offset  0.000000  0.000000
$EndPAD
$PAD ""
Shape Circle Layer both
position -3.810000 -2.540000  size  3.050000  3.050000  orientation 0.00
drill  3.050000
shape_offset  0.000000  0.000000
$EndPAD
$PAD ""
Shape Circle Layer both
position  0.000000  0.000000  size  4.000000  4.000000  orientation 0.00
drill  4.000000
shape_offset  0.000000  0.000000
$EndPAD
$PAD ""
Shape Circle Layer both
position  2.540000 -5.080000  size  3.050000  3.050000  orientation 0.00
drill  3.050000
shape_offset  0.000000  0.000000
$EndPAD
$PAD ""
Shape Circle Layer both
position  5.080000  0.000000  size  1.750000  1.750000  orientation 0.00
drill  1.750000
shape_offset  0.000000  0.000000
$EndPAD
$PAD "1"
Shape Roundrect Layer back
position -7.085000 -2.540000  size  2.550000  2.500000  orientation 0.00
drill  0.000000
shape_offset  0.000000  0.000000
$EndPAD
$PAD "2"
Shape Roundrect Layer back
position  5.842000 -5.080000  size  2.550000  2.500000  orientation 0.00
drill  0.000000
shape_offset  0.000000  0.000000
$EndPAD
$EndMODULE  S46

$MODULE S47
footprint ScottoKeebs_Hotswap:Hotswap_MX_1.00u
attribut smd
position 81.407000 126.450000  orientation 0.00
layer front
$PAD ""
Shape Circle Layer both
position -5.080000  0.000000  size  1.750000  1.750000  orientation 0.00
drill  1.750000
shape_offset  0.000000  0.000000
$EndPAD
$PAD ""
Shape Circle Layer both
position -3.810000 -2.540000  size  3.050000  3.050000  orientation 0.00
drill  3.050000
shape_offset  0.000000  0.000000
$EndPAD
$PAD ""
Shape Circle Layer both
position  0.000000  0.000000  size  4.000000  4.000000  orientation 0.00
drill  4.000000
shape_offset  0.000000  0.000000
$EndPAD
$PAD ""
Shape Circle Layer both
position  2.540000 -5.080000  size  3.050000  3.050000  orientation 0.00
drill  3.050000
shape_offset  0.000000  0.000000
$EndPAD
$PAD ""
Shape Circle Layer both
position  5.080000  0.000000  size  1.750000  1.750000  orientation 0.00
drill  1.750000
shape_offset  0.000000  0.000000
$EndPAD
$PAD "1"
Shape Roundrect Layer back
position -7.085000 -2.540000  size  2.550000  2.500000  orientation 0.00
drill  0.000000
shape_offset  0.000000  0.000000
$EndPAD
$PAD "2"
Shape Roundrect Layer back
position  5.842000 -5.080000  size  2.550000  2.500000  orientation 0.00
drill  0.000000
shape_offset  0.000000  0.000000
$EndPAD
$EndMODULE  S47

$MODULE S48
footprint ScottoKeebs_Hotswap:Hotswap_MX_1.00u
attribut smd
position 100.457000 126.450000  orientation 0.00
layer front
$PAD ""
Shape Circle Layer both
position -5.080000  0.000000  size  1.750000  1.750000  orientation 0.00
drill  1.750000
shape_offset  0.000000  0.000000
$EndPAD
$PAD ""
Shape Circle Layer both
position -3.810000 -2.540000  size  3.050000  3.050000  orientation 0.00
drill  3.050000
shape_offset  0.000000  0.000000
$EndPAD
$PAD ""
Shape Circle Layer both
position  0.000000  0.000000  size  4.000000  4.000000  orientation 0.00
drill  4.000000
shape_offset  0.000000  0.000000
$EndPAD
$PAD ""
Shape Circle Layer both
position  2.540000 -5.080000  size  3.050000  3.050000  orientation 0.00
drill  3.050000
shape_offset  0.000000  0.000000
$EndPAD
$PAD ""
Shape Circle Layer both
position  5.080000  0.000000  size  1.750000  1.750000  orientation 0.00
drill  1.750000
shape_offset  0.000000  0.000000
$EndPAD
$PAD "1"
Shape Roundrect Layer back
position -7.085000 -2.540000  size  2.550000  2.500000  orientation 0.00
drill  0.000000
shape_offset  0.000000  0.000000
$EndPAD
$PAD "2"
Shape Roundrect Layer back
position  5.842000 -5.080000  size  2.550000  2.500000  orientation 0.00
drill  0.000000
shape_offset  0.000000  0.000000
$EndPAD
$EndMODULE  S48

$MODULE S49
footprint ScottoKeebs_Hotswap:Hotswap_MX_1.00u
attribut smd
position 119.507000 126.450000  orientation 0.00
layer front
$PAD ""
Shape Circle Layer both
position -5.080000  0.000000  size  1.750000  1.750000  orientation 0.00
drill  1.750000
shape_offset  0.000000  0.000000
$EndPAD
$PAD ""
Shape Circle Layer both
position -3.810000 -2.540000  size  3.050000  3.050000  orientation 0.00
drill  3.050000
shape_offset  0.000000  0.000000
$EndPAD
$PAD ""
Shape Circle Layer both
position  0.000000  0.000000  size  4.000000  4.000000  orientation 0.00
drill  4.000000
shape_offset  0.000000  0.000000
$EndPAD
$PAD ""
Shape Circle Layer both
position  2.540000 -5.080000  size  3.050000  3.050000  orientation 0.00
drill  3.050000
shape_offset  0.000000  0.000000
$EndPAD
$PAD ""
Shape Circle Layer both
position  5.080000  0.000000  size  1.750000  1.750000  orientation 0.00
drill  1.750000
shape_offset  0.000000  0.000000
$EndPAD
$PAD "1"
Shape Roundrect Layer back
position -7.085000 -2.540000  size  2.550000  2.500000  orientation 0.00
drill  0.000000
shape_offset  0.000000  0.000000
$EndPAD
$PAD "2"
Shape Roundrect Layer back
position  5.842000 -5.080000  size  2.550000  2.500000  orientation 0.00
drill  0.000000
shape_offset  0.000000  0.000000
$EndPAD
$EndMODULE  S49

$MODULE S50
footprint ScottoKeebs_Hotswap:Hotswap_MX_1.00u
attribut smd
position 138.557000 126.450000  orientation 0.00
layer front
$PAD ""
Shape Circle Layer both
position -5.080000  0.000000  size  1.750000  1.750000  orientation 0.00
drill  1.750000
shape_offset  0.000000  0.000000
$EndPAD
$PAD ""
Shape Circle Layer both
position -3.810000 -2.540000  size  3.050000  3.050000  orientation 0.00
drill  3.050000
shape_offset  0.000000  0.000000
$EndPAD
$PAD ""
Shape Circle Layer both
position  0.000000  0.000000  size  4.000000  4.000000  orientation 0.00
drill  4.000000
shape_offset  0.000000  0.000000
$EndPAD
$PAD ""
Shape Circle Layer both
position  2.540000 -5.080000  size  3.050000  3.050000  orientation 0.00
drill  3.050000
shape_offset  0.000000  0.000000
$EndPAD
$PAD ""
Shape Circle Layer both
position  5.080000  0.000000  size  1.750000  1.750000  orientation 0.00
drill  1.750000
shape_offset  0.000000  0.000000
$EndPAD
$PAD "1"
Shape Roundrect Layer back
position -7.085000 -2.540000  size  2.550000  2.500000  orientation 0.00
drill  0.000000
shape_offset  0.000000  0.000000
$EndPAD
$PAD "2"
Shape Roundrect Layer back
position  5.842000 -5.080000  size  2.550000  2.500000  orientation 0.00
drill  0.000000
shape_offset  0.000000  0.000000
$EndPAD
$EndMODULE  S50

$MODULE S51
footprint ScottoKeebs_Hotswap:Hotswap_MX_1.00u
attribut smd
position 157.607000 126.450000  orientation 0.00
layer front
$PAD ""
Shape Circle Layer both
position -5.080000  0.000000  size  1.750000  1.750000  orientation 0.00
drill  1.750000
shape_offset  0.000000  0.000000
$EndPAD
$PAD ""
Shape Circle Layer both
position -3.810000 -2.540000  size  3.050000  3.050000  orientation 0.00
drill  3.050000
shape_offset  0.000000  0.000000
$EndPAD
$PAD ""
Shape Circle Layer both
position  0.000000  0.000000  size  4.000000  4.000000  orientation 0.00
drill  4.000000
shape_offset  0.000000  0.000000
$EndPAD
$PAD ""
Shape Circle Layer both
position  2.540000 -5.080000  size  3.050000  3.050000  orientation 0.00
drill  3.050000
shape_offset  0.000000  0.000000
$EndPAD
$PAD ""
Shape Circle Layer both
position  5.080000  0.000000  size  1.750000  1.750000  orientation 0.00
drill  1.750000
shape_offset  0.000000  0.000000
$EndPAD
$PAD "1"
Shape Roundrect Layer back
position -7.085000 -2.540000  size  2.550000  2.500000  orientation 0.00
drill  0.000000
shape_offset  0.000000  0.000000
$EndPAD
$PAD "2"
Shape Roundrect Layer back
position  5.842000 -5.080000  size  2.550000  2.500000  orientation 0.00
drill  0.000000
shape_offset  0.000000  0.000000
$EndPAD
$EndMODULE  S51

$MODULE S52
footprint ScottoKeebs_Hotswap:Hotswap_MX_1.00u
attribut smd
position 176.657000 126.450000  orientation 0.00
layer front
$PAD ""
Shape Circle Layer both
position -5.080000  0.000000  size  1.750000  1.750000  orientation 0.00
drill  1.750000
shape_offset  0.000000  0.000000
$EndPAD
$PAD ""
Shape Circle Layer both
position -3.810000 -2.540000  size  3.050000  3.050000  orientation 0.00
drill  3.050000
shape_offset  0.000000  0.000000
$EndPAD
$PAD ""
Shape Circle Layer both
position  0.000000  0.000000  size  4.000000  4.000000  orientation 0.00
drill  4.000000
shape_offset  0.000000  0.000000
$EndPAD
$PAD ""
Shape Circle Layer both
position  2.540000 -5.080000  size  3.050000  3.050000  orientation 0.00
drill  3.050000
shape_offset  0.000000  0.000000
$EndPAD
$PAD ""
Shape Circle Layer both
position  5.080000  0.000000  size  1.750000  1.750000  orientation 0.00
drill  1.750000
shape_offset  0.000000  0.000000
$EndPAD
$PAD "1"
Shape Roundrect Layer back
position -7.085000 -2.540000  size  2.550000  2.500000  orientation 0.00
drill  0.000000
shape_offset  0.000000  0.000000
$EndPAD
$PAD "2"
Shape Roundrect Layer back
position  5.842000 -5.080000  size  2.550000  2.500000  orientation 0.00
drill  0.000000
shape_offset  0.000000  0.000000
$EndPAD
$EndMODULE  S52

$MODULE S53
footprint ScottoKeebs_Hotswap:Hotswap_MX_1.00u
attribut smd
position 195.707000 126.450000  orientation 0.00
layer front
$PAD ""
Shape Circle Layer both
position -5.080000  0.000000  size  1.750000  1.750000  orientation 0.00
drill  1.750000
shape_offset  0.000000  0.000000
$EndPAD
$PAD ""
Shape Circle Layer both
position -3.810000 -2.540000  size  3.050000  3.050000  orientation 0.00
drill  3.050000
shape_offset  0.000000  0.000000
$EndPAD
$PAD ""
Shape Circle Layer both
position  0.000000  0.000000  size  4.000000  4.000000  orientation 0.00
drill  4.000000
shape_offset  0.000000  0.000000
$EndPAD
$PAD ""
Shape Circle Layer both
position  2.540000 -5.080000  size  3.050000  3.050000  orientation 0.00
drill  3.050000
shape_offset  0.000000  0.000000
$EndPAD
$PAD ""
Shape Circle Layer both
position  5.080000  0.000000  size  1.750000  1.750000  orientation 0.00
drill  1.750000
shape_offset  0.000000  0.000000
$EndPAD
$PAD "1"
Shape Roundrect Layer back
position -7.085000 -2.540000  size  2.550000  2.500000  orientation 0.00
drill  0.000000
shape_offset  0.000000  0.000000
$EndPAD
$PAD "2"
Shape Roundrect Layer back
position  5.842000 -5.080000  size  2.550000  2.500000  orientation 0.00
drill  0.000000
shape_offset  0.000000  0.000000
$EndPAD
$EndMODULE  S53

$MODULE S54
footprint ScottoKeebs_Hotswap:Hotswap_MX_1.00u
attribut smd
position 214.757000 126.450000  orientation 0.00
layer front
$PAD ""
Shape Circle Layer both
position -5.080000  0.000000  size  1.750000  1.750000  orientation 0.00
drill  1.750000
shape_offset  0.000000  0.000000
$EndPAD
$PAD ""
Shape Circle Layer both
position -3.810000 -2.540000  size  3.050000  3.050000  orientation 0.00
drill  3.050000
shape_offset  0.000000  0.000000
$EndPAD
$PAD ""
Shape Circle Layer both
position  0.000000  0.000000  size  4.000000  4.000000  orientation 0.00
drill  4.000000
shape_offset  0.000000  0.000000
$EndPAD
$PAD ""
Shape Circle Layer both
position  2.540000 -5.080000  size  3.050000  3.050000  orientation 0.00
drill  3.050000
shape_offset  0.000000  0.000000
$EndPAD
$PAD ""
Shape Circle Layer both
position  5.080000  0.000000  size  1.750000  1.750000  orientation 0.00
drill  1.750000
shape_offset  0.000000  0.000000
$EndPAD
$PAD "1"
Shape Roundrect Layer back
position -7.085000 -2.540000  size  2.550000  2.500000  orientation 0.00
drill  0.000000
shape_offset  0.000000  0.000000
$EndPAD
$PAD "2"
Shape Roundrect Layer back
position  5.842000 -5.080000  size  2.550000  2.500000  orientation 0.00
drill  0.000000
shape_offset  0.000000  0.000000
$EndPAD
$EndMODULE  S54

$MODULE S55
footprint ScottoKeebs_Hotswap:Hotswap_MX_1.00u
attribut smd
position 233.807000 126.450000  orientation 0.00
layer front
$PAD ""
Shape Circle Layer both
position -5.080000  0.000000  size  1.750000  1.750000  orientation 0.00
drill  1.750000
shape_offset  0.000000  0.000000
$EndPAD
$PAD ""
Shape Circle Layer both
position -3.810000 -2.540000  size  3.050000  3.050000  orientation 0.00
drill  3.050000
shape_offset  0.000000  0.000000
$EndPAD
$PAD ""
Shape Circle Layer both
position  0.000000  0.000000  size  4.000000  4.000000  orientation 0.00
drill  4.000000
shape_offset  0.000000  0.000000
$EndPAD
$PAD ""
Shape Circle Layer both
position  2.540000 -5.080000  size  3.050000  3.050000  orientation 0.00
drill  3.050000
shape_offset  0.000000  0.000000
$EndPAD
$PAD ""
Shape Circle Layer both
position  5.080000  0.000000  size  1.750000  1.750000  orientation 0.00
drill  1.750000
shape_offset  0.000000  0.000000
$EndPAD
$PAD "1"
Shape Roundrect Layer back
position -7.085000 -2.540000  size  2.550000  2.500000  orientation 0.00
drill  0.000000
shape_offset  0.000000  0.000000
$EndPAD
$PAD "2"
Shape Roundrect Layer back
position  5.842000 -5.080000  size  2.550000  2.500000  orientation 0.00
drill  0.000000
shape_offset  0.000000  0.000000
$EndPAD
$EndMODULE  S55

$MODULE S56
footprint ScottoKeebs_Hotswap:Hotswap_MX_1.00u
attribut smd
position 252.857000 126.450000  orientation 0.00
layer front
$PAD ""
Shape Circle Layer both
position -5.080000  0.000000  size  1.750000  1.750000  orientation 0.00
drill  1.750000
shape_offset  0.000000  0.000000
$EndPAD
$PAD ""
Shape Circle Layer both
position -3.810000 -2.540000  size  3.050000  3.050000  orientation 0.00
drill  3.050000
shape_offset  0.000000  0.000000
$EndPAD
$PAD ""
Shape Circle Layer both
position  0.000000  0.000000  size  4.000000  4.000000  orientation 0.00
drill  4.000000
shape_offset  0.000000  0.000000
$EndPAD
$PAD ""
Shape Circle Layer both
position  2.540000 -5.080000  size  3.050000  3.050000  orientation 0.00
drill  3.050000
shape_offset  0.000000  0.000000
$EndPAD
$PAD ""
Shape Circle Layer both
position  5.080000  0.000000  size  1.750000  1.750000  orientation 0.00
drill  1.750000
shape_offset  0.000000  0.000000
$EndPAD
$PAD "1"
Shape Roundrect Layer back
position -7.085000 -2.540000  size  2.550000  2.500000  orientation 0.00
drill  0.000000
shape_offset  0.000000  0.000000
$EndPAD
$PAD "2"
Shape Roundrect Layer back
position  5.842000 -5.080000  size  2.550000  2.500000  orientation 0.00
drill  0.000000
shape_offset  0.000000  0.000000
$EndPAD
$EndMODULE  S56

$MODULE S57
footprint ScottoKeebs_Hotswap:Hotswap_MX_1.00u
attribut smd
position 271.907000 126.450000  orientation 0.00
layer front
$PAD ""
Shape Circle Layer both
position -5.080000  0.000000  size  1.750000  1.750000  orientation 0.00
drill  1.750000
shape_offset  0.000000  0.000000
$EndPAD
$PAD ""
Shape Circle Layer both
position -3.810000 -2.540000  size  3.050000  3.050000  orientation 0.00
drill  3.050000
shape_offset  0.000000  0.000000
$EndPAD
$PAD ""
Shape Circle Layer both
position  0.000000  0.000000  size  4.000000  4.000000  orientation 0.00
drill  4.000000
shape_offset  0.000000  0.000000
$EndPAD
$PAD ""
Shape Circle Layer both
position  2.540000 -5.080000  size  3.050000  3.050000  orientation 0.00
drill  3.050000
shape_offset  0.000000  0.000000
$EndPAD
$PAD ""
Shape Circle Layer both
position  5.080000  0.000000  size  1.750000  1.750000  orientation 0.00
drill  1.750000
shape_offset  0.000000  0.000000
$EndPAD
$PAD "1"
Shape Roundrect Layer back
position -7.085000 -2.540000  size  2.550000  2.500000  orientation 0.00
drill  0.000000
shape_offset  0.000000  0.000000
$EndPAD
$PAD "2"
Shape Roundrect Layer back
position  5.842000 -5.080000  size  2.550000  2.500000  orientation 0.00
drill  0.000000
shape_offset  0.000000  0.000000
$EndPAD
$EndMODULE  S57

$MODULE S58
footprint ScottoKeebs_Hotswap:Hotswap_MX_1.25u
attribut smd
position 293.338000 126.450000  orientation 0.00
layer front
$PAD ""
Shape Circle Layer both
position -5.080000  0.000000  size  1.750000  1.750000  orientation 0.00
drill  1.750000
shape_offset  0.000000  0.000000
$EndPAD
$PAD ""
Shape Circle Layer both
position -3.810000 -2.540000  size  3.050000  3.050000  orientation 0.00
drill  3.050000
shape_offset  0.000000  0.000000
$EndPAD
$PAD ""
Shape Circle Layer both
position  0.000000  0.000000  size  4.000000  4.000000  orientation 0.00
drill  4.000000
shape_offset  0.000000  0.000000
$EndPAD
$PAD ""
Shape Circle Layer both
position  2.540000 -5.080000  size  3.050000  3.050000  orientation 0.00
drill  3.050000
shape_offset  0.000000  0.000000
$EndPAD
$PAD ""
Shape Circle Layer both
position  5.080000  0.000000  size  1.750000  1.750000  orientation 0.00
drill  1.750000
shape_offset  0.000000  0.000000
$EndPAD
$PAD "1"
Shape Roundrect Layer back
position -7.085000 -2.540000  size  2.550000  2.500000  orientation 0.00
drill  0.000000
shape_offset  0.000000  0.000000
$EndPAD
$PAD "2"
Shape Roundrect Layer back
position  5.842000 -5.080000  size  2.550000  2.500000  orientation 0.00
drill  0.000000
shape_offset  0.000000  0.000000
$EndPAD
$EndMODULE  S58

$MODULE S59
footprint ScottoKeebs_Hotswap:Hotswap_MX_1.25u
attribut smd
position 31.401000 145.500000  orientation 0.00
layer front
$PAD ""
Shape Circle Layer both
position -5.080000  0.000000  size  1.750000  1.750000  orientation 0.00
drill  1.750000
shape_offset  0.000000  0.000000
$EndPAD
$PAD ""
Shape Circle Layer both
position -3.810000 -2.540000  size  3.050000  3.050000  orientation 0.00
drill  3.050000
shape_offset  0.000000  0.000000
$EndPAD
$PAD ""
Shape Circle Layer both
position  0.000000  0.000000  size  4.000000  4.000000  orientation 0.00
drill  4.000000
shape_offset  0.000000  0.000000
$EndPAD
$PAD ""
Shape Circle Layer both
position  2.540000 -5.080000  size  3.050000  3.050000  orientation 0.00
drill  3.050000
shape_offset  0.000000  0.000000
$EndPAD
$PAD ""
Shape Circle Layer both
position  5.080000  0.000000  size  1.750000  1.750000  orientation 0.00
drill  1.750000
shape_offset  0.000000  0.000000
$EndPAD
$PAD "1"
Shape Roundrect Layer back
position -7.085000 -2.540000  size  2.550000  2.500000  orientation 0.00
drill  0.000000
shape_offset  0.000000  0.000000
$EndPAD
$PAD "2"
Shape Roundrect Layer back
position  5.842000 -5.080000  size  2.550000  2.500000  orientation 0.00
drill  0.000000
shape_offset  0.000000  0.000000
$EndPAD
$EndMODULE  S59

$MODULE S60
footprint ScottoKeebs_Hotswap:Hotswap_MX_1.25u
attribut smd
position 55.214000 145.500000  orientation 0.00
layer front
$PAD ""
Shape Circle Layer both
position -5.080000  0.000000  size  1.750000  1.750000  orientation 0.00
drill  1.750000
shape_offset  0.000000  0.000000
$EndPAD
$PAD ""
Shape Circle Layer both
position -3.810000 -2.540000  size  3.050000  3.050000  orientation 0.00
drill  3.050000
shape_offset  0.000000  0.000000
$EndPAD
$PAD ""
Shape Circle Layer both
position  0.000000  0.000000  size  4.000000  4.000000  orientation 0.00
drill  4.000000
shape_offset  0.000000  0.000000
$EndPAD
$PAD ""
Shape Circle Layer both
position  2.540000 -5.080000  size  3.050000  3.050000  orientation 0.00
drill  3.050000
shape_offset  0.000000  0.000000
$EndPAD
$PAD ""
Shape Circle Layer both
position  5.080000  0.000000  size  1.750000  1.750000  orientation 0.00
drill  1.750000
shape_offset  0.000000  0.000000
$EndPAD
$PAD "1"
Shape Roundrect Layer back
position -7.085000 -2.540000  size  2.550000  2.500000  orientation 0.00
drill  0.000000
shape_offset  0.000000  0.000000
$EndPAD
$PAD "2"
Shape Roundrect Layer back
position  5.842000 -5.080000  size  2.550000  2.500000  orientation 0.00
drill  0.000000
shape_offset  0.000000  0.000000
$EndPAD
$EndMODULE  S60

$MODULE S61
footprint ScottoKeebs_Hotswap:Hotswap_MX_1.00u
attribut smd
position 76.646000 145.500000  orientation 0.00
layer front
$PAD ""
Shape Circle Layer both
position -5.080000  0.000000  size  1.750000  1.750000  orientation 0.00
drill  1.750000
shape_offset  0.000000  0.000000
$EndPAD
$PAD ""
Shape Circle Layer both
position -3.810000 -2.540000  size  3.050000  3.050000  orientation 0.00
drill  3.050000
shape_offset  0.000000  0.000000
$EndPAD
$PAD ""
Shape Circle Layer both
position  0.000000  0.000000  size  4.000000  4.000000  orientation 0.00
drill  4.000000
shape_offset  0.000000  0.000000
$EndPAD
$PAD ""
Shape Circle Layer both
position  2.540000 -5.080000  size  3.050000  3.050000  orientation 0.00
drill  3.050000
shape_offset  0.000000  0.000000
$EndPAD
$PAD ""
Shape Circle Layer both
position  5.080000  0.000000  size  1.750000  1.750000  orientation 0.00
drill  1.750000
shape_offset  0.000000  0.000000
$EndPAD
$PAD "1"
Shape Roundrect Layer back
position -7.085000 -2.540000  size  2.550000  2.500000  orientation 0.00
drill  0.000000
shape_offset  0.000000  0.000000
$EndPAD
$PAD "2"
Shape Roundrect Layer back
position  5.842000 -5.080000  size  2.550000  2.500000  orientation 0.00
drill  0.000000
shape_offset  0.000000  0.000000
$EndPAD
$EndMODULE  S61

$MODULE S62
footprint ScottoKeebs_Hotswap:Hotswap_MX_1.00u
attribut smd
position 95.696000 145.500000  orientation 0.00
layer front
$PAD ""
Shape Circle Layer both
position -5.080000  0.000000  size  1.750000  1.750000  orientation 0.00
drill  1.750000
shape_offset  0.000000  0.000000
$EndPAD
$PAD ""
Shape Circle Layer both
position -3.810000 -2.540000  size  3.050000  3.050000  orientation 0.00
drill  3.050000
shape_offset  0.000000  0.000000
$EndPAD
$PAD ""
Shape Circle Layer both
position  0.000000  0.000000  size  4.000000  4.000000  orientation 0.00
drill  4.000000
shape_offset  0.000000  0.000000
$EndPAD
$PAD ""
Shape Circle Layer both
position  2.540000 -5.080000  size  3.050000  3.050000  orientation 0.00
drill  3.050000
shape_offset  0.000000  0.000000
$EndPAD
$PAD ""
Shape Circle Layer both
position  5.080000  0.000000  size  1.750000  1.750000  orientation 0.00
drill  1.750000
shape_offset  0.000000  0.000000
$EndPAD
$PAD "1"
Shape Roundrect Layer back
position -7.085000 -2.540000  size  2.550000  2.500000  orientation 0.00
drill  0.000000
shape_offset  0.000000  0.000000
$EndPAD
$PAD "2"
Shape Roundrect Layer back
position  5.842000 -5.080000  size  2.550000  2.500000  orientation 0.00
drill  0.000000
shape_offset  0.000000  0.000000
$EndPAD
$EndMODULE  S62

$MODULE S63
footprint ScottoKeebs_Hotswap:Hotswap_MX_1.00u
attribut smd
position 114.746000 145.500000  orientation 0.00
layer front
$PAD ""
Shape Circle Layer both
position -5.080000  0.000000  size  1.750000  1.750000  orientation 0.00
drill  1.750000
shape_offset  0.000000  0.000000
$EndPAD
$PAD ""
Shape Circle Layer both
position -3.810000 -2.540000  size  3.050000  3.050000  orientation 0.00
drill  3.050000
shape_offset  0.000000  0.000000
$EndPAD
$PAD ""
Shape Circle Layer both
position  0.000000  0.000000  size  4.000000  4.000000  orientation 0.00
drill  4.000000
shape_offset  0.000000  0.000000
$EndPAD
$PAD ""
Shape Circle Layer both
position  2.540000 -5.080000  size  3.050000  3.050000  orientation 0.00
drill  3.050000
shape_offset  0.000000  0.000000
$EndPAD
$PAD ""
Shape Circle Layer both
position  5.080000  0.000000  size  1.750000  1.750000  orientation 0.00
drill  1.750000
shape_offset  0.000000  0.000000
$EndPAD
$PAD "1"
Shape Roundrect Layer back
position -7.085000 -2.540000  size  2.550000  2.500000  orientation 0.00
drill  0.000000
shape_offset  0.000000  0.000000
$EndPAD
$PAD "2"
Shape Roundrect Layer back
position  5.842000 -5.080000  size  2.550000  2.500000  orientation 0.00
drill  0.000000
shape_offset  0.000000  0.000000
$EndPAD
$EndMODULE  S63

$MODULE S64
footprint ScottoKeebs_Hotswap:Hotswap_MX_1.00u
attribut smd
position 133.796000 145.500000  orientation 0.00
layer front
$PAD ""
Shape Circle Layer both
position -5.080000  0.000000  size  1.750000  1.750000  orientation 0.00
drill  1.750000
shape_offset  0.000000  0.000000
$EndPAD
$PAD ""
Shape Circle Layer both
position -3.810000 -2.540000  size  3.050000  3.050000  orientation 0.00
drill  3.050000
shape_offset  0.000000  0.000000
$EndPAD
$PAD ""
Shape Circle Layer both
position  0.000000  0.000000  size  4.000000  4.000000  orientation 0.00
drill  4.000000
shape_offset  0.000000  0.000000
$EndPAD
$PAD ""
Shape Circle Layer both
position  2.540000 -5.080000  size  3.050000  3.050000  orientation 0.00
drill  3.050000
shape_offset  0.000000  0.000000
$EndPAD
$PAD ""
Shape Circle Layer both
position  5.080000  0.000000  size  1.750000  1.750000  orientation 0.00
drill  1.750000
shape_offset  0.000000  0.000000
$EndPAD
$PAD "1"
Shape Roundrect Layer back
position -7.085000 -2.540000  size  2.550000  2.500000  orientation 0.00
drill  0.000000
shape_offset  0.000000  0.000000
$EndPAD
$PAD "2"
Shape Roundrect Layer back
position  5.842000 -5.080000  size  2.550000  2.500000  orientation 0.00
drill  0.000000
shape_offset  0.000000  0.000000
$EndPAD
$EndMODULE  S64

$MODULE S65
footprint ScottoKeebs_Hotswap:Hotswap_MX_1.00u
attribut smd
position 152.846000 145.500000  orientation 0.00
layer front
$PAD ""
Shape Circle Layer both
position -5.080000  0.000000  size  1.750000  1.750000  orientation 0.00
drill  1.750000
shape_offset  0.000000  0.000000
$EndPAD
$PAD ""
Shape Circle Layer both
position -3.810000 -2.540000  size  3.050000  3.050000  orientation 0.00
drill  3.050000
shape_offset  0.000000  0.000000
$EndPAD
$PAD ""
Shape Circle Layer both
position  0.000000  0.000000  size  4.000000  4.000000  orientation 0.00
drill  4.000000
shape_offset  0.000000  0.000000
$EndPAD
$PAD ""
Shape Circle Layer both
position  2.540000 -5.080000  size  3.050000  3.050000  orientation 0.00
drill  3.050000
shape_offset  0.000000  0.000000
$EndPAD
$PAD ""
Shape Circle Layer both
position  5.080000  0.000000  size  1.750000  1.750000  orientation 0.00
drill  1.750000
shape_offset  0.000000  0.000000
$EndPAD
$PAD "1"
Shape Roundrect Layer back
position -7.085000 -2.540000  size  2.550000  2.500000  orientation 0.00
drill  0.000000
shape_offset  0.000000  0.000000
$EndPAD
$PAD "2"
Shape Roundrect Layer back
position  5.842000 -5.080000  size  2.550000  2.500000  orientation 0.00
drill  0.000000
shape_offset  0.000000  0.000000
$EndPAD
$EndMODULE  S65

$MODULE S66
footprint ScottoKeebs_Hotswap:Hotswap_MX_1.00u
attribut smd
position 171.896000 145.500000  orientation 0.00
layer front
$PAD ""
Shape Circle Layer both
position -5.080000  0.000000  size  1.750000  1.750000  orientation 0.00
drill  1.750000
shape_offset  0.000000  0.000000
$EndPAD
$PAD ""
Shape Circle Layer both
position -3.810000 -2.540000  size  3.050000  3.050000  orientation 0.00
drill  3.050000
shape_offset  0.000000  0.000000
$EndPAD
$PAD ""
Shape Circle Layer both
position  0.000000  0.000000  size  4.000000  4.000000  orientation 0.00
drill  4.000000
shape_offset  0.000000  0.000000
$EndPAD
$PAD ""
Shape Circle Layer both
position  2.540000 -5.080000  size  3.050000  3.050000  orientation 0.00
drill  3.050000
shape_offset  0.000000  0.000000
$EndPAD
$PAD ""
Shape Circle Layer both
position  5.080000  0.000000  size  1.750000  1.750000  orientation 0.00
drill  1.750000
shape_offset  0.000000  0.000000
$EndPAD
$PAD "1"
Shape Roundrect Layer back
position -7.085000 -2.540000  size  2.550000  2.500000  orientation 0.00
drill  0.000000
shape_offset  0.000000  0.000000
$EndPAD
$PAD "2"
Shape Roundrect Layer back
position  5.842000 -5.080000  size  2.550000  2.500000  orientation 0.00
drill  0.000000
shape_offset  0.000000  0.000000
$EndPAD
$EndMODULE  S66

$MODULE S67
footprint ScottoKeebs_Hotswap:Hotswap_MX_1.00u
attribut smd
position 190.946000 145.500000  orientation 0.00
layer front
$PAD ""
Shape Circle Layer both
position -5.080000  0.000000  size  1.750000  1.750000  orientation 0.00
drill  1.750000
shape_offset  0.000000  0.000000
$EndPAD
$PAD ""
Shape Circle Layer both
position -3.810000 -2.540000  size  3.050000  3.050000  orientation 0.00
drill  3.050000
shape_offset  0.000000  0.000000
$EndPAD
$PAD ""
Shape Circle Layer both
position  0.000000  0.000000  size  4.000000  4.000000  orientation 0.00
drill  4.000000
shape_offset  0.000000  0.000000
$EndPAD
$PAD ""
Shape Circle Layer both
position  2.540000 -5.080000  size  3.050000  3.050000  orientation 0.00
drill  3.050000
shape_offset  0.000000  0.000000
$EndPAD
$PAD ""
Shape Circle Layer both
position  5.080000  0.000000  size  1.750000  1.750000  orientation 0.00
drill  1.750000
shape_offset  0.000000  0.000000
$EndPAD
$PAD "1"
Shape Roundrect Layer back
position -7.085000 -2.540000  size  2.550000  2.500000  orientation 0.00
drill  0.000000
shape_offset  0.000000  0.000000
$EndPAD
$PAD "2"
Shape Roundrect Layer back
position  5.842000 -5.080000  size  2.550000  2.500000  orientation 0.00
drill  0.000000
shape_offset  0.000000  0.000000
$EndPAD
$EndMODULE  S67

$MODULE S68
footprint ScottoKeebs_Hotswap:Hotswap_MX_1.00u
attribut smd
position 209.996000 145.500000  orientation 0.00
layer front
$PAD ""
Shape Circle Layer both
position -5.080000  0.000000  size  1.750000  1.750000  orientation 0.00
drill  1.750000
shape_offset  0.000000  0.000000
$EndPAD
$PAD ""
Shape Circle Layer both
position -3.810000 -2.540000  size  3.050000  3.050000  orientation 0.00
drill  3.050000
shape_offset  0.000000  0.000000
$EndPAD
$PAD ""
Shape Circle Layer both
position  0.000000  0.000000  size  4.000000  4.000000  orientation 0.00
drill  4.000000
shape_offset  0.000000  0.000000
$EndPAD
$PAD ""
Shape Circle Layer both
position  2.540000 -5.080000  size  3.050000  3.050000  orientation 0.00
drill  3.050000
shape_offset  0.000000  0.000000
$EndPAD
$PAD ""
Shape Circle Layer both
position  5.080000  0.000000  size  1.750000  1.750000  orientation 0.00
drill  1.750000
shape_offset  0.000000  0.000000
$EndPAD
$PAD "1"
Shape Roundrect Layer back
position -7.085000 -2.540000  size  2.550000  2.500000  orientation 0.00
drill  0.000000
shape_offset  0.000000  0.000000
$EndPAD
$PAD "2"
Shape Roundrect Layer back
position  5.842000 -5.080000  size  2.550000  2.500000  orientation 0.00
drill  0.000000
shape_offset  0.000000  0.000000
$EndPAD
$EndMODULE  S68

$MODULE S69
footprint ScottoKeebs_Hotswap:Hotswap_MX_1.00u
attribut smd
position 229.046000 145.500000  orientation 0.00
layer front
$PAD ""
Shape Circle Layer both
position -5.080000  0.000000  size  1.750000  1.750000  orientation 0.00
drill  1.750000
shape_offset  0.000000  0.000000
$EndPAD
$PAD ""
Shape Circle Layer both
position -3.810000 -2.540000  size  3.050000  3.050000  orientation 0.00
drill  3.050000
shape_offset  0.000000  0.000000
$EndPAD
$PAD ""
Shape Circle Layer both
position  0.000000  0.000000  size  4.000000  4.000000  orientation 0.00
drill  4.000000
shape_offset  0.000000  0.000000
$EndPAD
$PAD ""
Shape Circle Layer both
position  2.540000 -5.080000  size  3.050000  3.050000  orientation 0.00
drill  3.050000
shape_offset  0.000000  0.000000
$EndPAD
$PAD ""
Shape Circle Layer both
position  5.080000  0.000000  size  1.750000  1.750000  orientation 0.00
drill  1.750000
shape_offset  0.000000  0.000000
$EndPAD
$PAD "1"
Shape Roundrect Layer back
position -7.085000 -2.540000  size  2.550000  2.500000  orientation 0.00
drill  0.000000
shape_offset  0.000000  0.000000
$EndPAD
$PAD "2"
Shape Roundrect Layer back
position  5.842000 -5.080000  size  2.550000  2.500000  orientation 0.00
drill  0.000000
shape_offset  0.000000  0.000000
$EndPAD
$EndMODULE  S69

$MODULE S70
footprint ScottoKeebs_Hotswap:Hotswap_MX_1.00u
attribut smd
position 248.096000 145.500000  orientation 0.00
layer front
$PAD ""
Shape Circle Layer both
position -5.080000  0.000000  size  1.750000  1.750000  orientation 0.00
drill  1.750000
shape_offset  0.000000  0.000000
$EndPAD
$PAD ""
Shape Circle Layer both
position -3.810000 -2.540000  size  3.050000  3.050000  orientation 0.00
drill  3.050000
shape_offset  0.000000  0.000000
$EndPAD
$PAD ""
Shape Circle Layer both
position  0.000000  0.000000  size  4.000000  4.000000  orientation 0.00
drill  4.000000
shape_offset  0.000000  0.000000
$EndPAD
$PAD ""
Shape Circle Layer both
position  2.540000 -5.080000  size  3.050000  3.050000  orientation 0.00
drill  3.050000
shape_offset  0.000000  0.000000
$EndPAD
$PAD ""
Shape Circle Layer both
position  5.080000  0.000000  size  1.750000  1.750000  orientation 0.00
drill  1.750000
shape_offset  0.000000  0.000000
$EndPAD
$PAD "1"
Shape Roundrect Layer back
position -7.085000 -2.540000  size  2.550000  2.500000  orientation 0.00
drill  0.000000
shape_offset  0.000000  0.000000
$EndPAD
$PAD "2"
Shape Roundrect Layer back
position  5.842000 -5.080000  size  2.550000  2.500000  orientation 0.00
drill  0.000000
shape_offset  0.000000  0.000000
$EndPAD
$EndMODULE  S70

$MODULE S71
footprint ScottoKeebs_Hotswap:Hotswap_MX_1.00u
attribut smd
position 267.146000 145.500000  orientation 0.00
layer front
$PAD ""
Shape Circle Layer both
position -5.080000  0.000000  size  1.750000  1.750000  orientation 0.00
drill  1.750000
shape_offset  0.000000  0.000000
$EndPAD
$PAD ""
Shape Circle Layer both
position -3.810000 -2.540000  size  3.050000  3.050000  orientation 0.00
drill  3.050000
shape_offset  0.000000  0.000000
$EndPAD
$PAD ""
Shape Circle Layer both
position  0.000000  0.000000  size  4.000000  4.000000  orientation 0.00
drill  4.000000
shape_offset  0.000000  0.000000
$EndPAD
$PAD ""
Shape Circle Layer both
position  2.540000 -5.080000  size  3.050000  3.050000  orientation 0.00
drill  3.050000
shape_offset  0.000000  0.000000
$EndPAD
$PAD ""
Shape Circle Layer both
position  5.080000  0.000000  size  1.750000  1.750000  orientation 0.00
drill  1.750000
shape_offset  0.000000  0.000000
$EndPAD
$PAD "1"
Shape Roundrect Layer back
position -7.085000 -2.540000  size  2.550000  2.500000  orientation 0.00
drill  0.000000
shape_offset  0.000000  0.000000
$EndPAD
$PAD "2"
Shape Roundrect Layer back
position  5.842000 -5.080000  size  2.550000  2.500000  orientation 0.00
drill  0.000000
shape_offset  0.000000  0.000000
$EndPAD
$EndMODULE  S71

$MODULE S72
footprint ScottoKeebs_Hotswap:Hotswap_MX_1.50u
attribut smd
position 290.959000 145.500000  orientation 0.00
layer front
$PAD ""
Shape Circle Layer both
position -5.080000  0.000000  size  1.750000  1.750000  orientation 0.00
drill  1.750000
shape_offset  0.000000  0.000000
$EndPAD
$PAD ""
Shape Circle Layer both
position -3.810000 -2.540000  size  3.050000  3.050000  orientation 0.00
drill  3.050000
shape_offset  0.000000  0.000000
$EndPAD
$PAD ""
Shape Circle Layer both
position  0.000000  0.000000  size  4.000000  4.000000  orientation 0.00
drill  4.000000
shape_offset  0.000000  0.000000
$EndPAD
$PAD ""
Shape Circle Layer both
position  2.540000 -5.080000  size  3.050000  3.050000  orientation 0.00
drill  3.050000
shape_offset  0.000000  0.000000
$EndPAD
$PAD ""
Shape Circle Layer both
position  5.080000  0.000000  size  1.750000  1.750000  orientation 0.00
drill  1.750000
shape_offset  0.000000  0.000000
$EndPAD
$PAD "1"
Shape Roundrect Layer back
position -7.085000 -2.540000  size  2.550000  2.500000  orientation 0.00
drill  0.000000
shape_offset  0.000000  0.000000
$EndPAD
$PAD "2"
Shape Roundrect Layer back
position  5.842000 -5.080000  size  2.550000  2.500000  orientation 0.00
drill  0.000000
shape_offset  0.000000  0.000000
$EndPAD
$EndMODULE  S72

$MODULE Space1
footprint ScottoKeebs_Hotswap:Hotswap_MX_1.50u
attribut smd
position 109.983000 164.550000  orientation 0.00
layer front
$PAD ""
Shape Circle Layer both
position -5.080000  0.000000  size  1.750000  1.750000  orientation 0.00
drill  1.750000
shape_offset  0.000000  0.000000
$EndPAD
$PAD ""
Shape Circle Layer both
position -3.810000 -2.540000  size  3.050000  3.050000  orientation 0.00
drill  3.050000
shape_offset  0.000000  0.000000
$EndPAD
$PAD ""
Shape Circle Layer both
position  0.000000  0.000000  size  4.000000  4.000000  orientation 0.00
drill  4.000000
shape_offset  0.000000  0.000000
$EndPAD
$PAD ""
Shape Circle Layer both
position  2.540000 -5.080000  size  3.050000  3.050000  orientation 0.00
drill  3.050000
shape_offset  0.000000  0.000000
$EndPAD
$PAD ""
Shape Circle Layer both
position  5.080000  0.000000  size  1.750000  1.750000  orientation 0.00
drill  1.750000
shape_offset  0.000000  0.000000
$EndPAD
$PAD "1"
Shape Roundrect Layer back
position -7.085000 -2.540000  size  2.550000  2.500000  orientation 0.00
drill  0.000000
shape_offset  0.000000  0.000000
$EndPAD
$PAD "2"
Shape Roundrect Layer back
position  5.842000 -5.080000  size  2.550000  2.500000  orientation 0.00
drill  0.000000
shape_offset  0.000000  0.000000
$EndPAD
$EndMODULE  Space1

$MODULE Space2
footprint ScottoKeebs_Hotswap:Hotswap_MX_1.50u
attribut smd
position 138.558000 164.550000  orientation 0.00
layer front
$PAD ""
Shape Circle Layer both
position -5.080000  0.000000  size  1.750000  1.750000  orientation 0.00
drill  1.750000
shape_offset  0.000000  0.000000
$EndPAD
$PAD ""
Shape Circle Layer both
position -3.810000 -2.540000  size  3.050000  3.050000  orientation 0.00
drill  3.050000
shape_offset  0.000000  0.000000
$EndPAD
$PAD ""
Shape Circle Layer both
position  0.000000  0.000000  size  4.000000  4.000000  orientation 0.00
drill  4.000000
shape_offset  0.000000  0.000000
$EndPAD
$PAD ""
Shape Circle Layer both
position  2.540000 -5.080000  size  3.050000  3.050000  orientation 0.00
drill  3.050000
shape_offset  0.000000  0.000000
$EndPAD
$PAD ""
Shape Circle Layer both
position  5.080000  0.000000  size  1.750000  1.750000  orientation 0.00
drill  1.750000
shape_offset  0.000000  0.000000
$EndPAD
$PAD "1"
Shape Roundrect Layer back
position -7.085000 -2.540000  size  2.550000  2.500000  orientation 0.00
drill  0.000000
shape_offset  0.000000  0.000000
$EndPAD
$PAD "2"
Shape Roundrect Layer back
position  5.842000 -5.080000  size  2.550000  2.500000  orientation 0.00
drill  0.000000
shape_offset  0.000000  0.000000
$EndPAD
$EndMODULE  Space2

$MODULE Space3
footprint ScottoKeebs_Hotswap:Hotswap_MX_1.50u
attribut smd
position 167.134000 164.550000  orientation 0.00
layer front
$PAD ""
Shape Circle Layer both
position -5.080000  0.000000  size  1.750000  1.750000  orientation 0.00
drill  1.750000
shape_offset  0.000000  0.000000
$EndPAD
$PAD ""
Shape Circle Layer both
position -3.810000 -2.540000  size  3.050000  3.050000  orientation 0.00
drill  3.050000
shape_offset  0.000000  0.000000
$EndPAD
$PAD ""
Shape Circle Layer both
position  0.000000  0.000000  size  4.000000  4.000000  orientation 0.00
drill  4.000000
shape_offset  0.000000  0.000000
$EndPAD
$PAD ""
Shape Circle Layer both
position  2.540000 -5.080000  size  3.050000  3.050000  orientation 0.00
drill  3.050000
shape_offset  0.000000  0.000000
$EndPAD
$PAD ""
Shape Circle Layer both
position  5.080000  0.000000  size  1.750000  1.750000  orientation 0.00
drill  1.750000
shape_offset  0.000000  0.000000
$EndPAD
$PAD "1"
Shape Roundrect Layer back
position -7.085000 -2.540000  size  2.550000  2.500000  orientation 0.00
drill  0.000000
shape_offset  0.000000  0.000000
$EndPAD
$PAD "2"
Shape Roundrect Layer back
position  5.842000 -5.080000  size  2.550000  2.500000  orientation 0.00
drill  0.000000
shape_offset  0.000000  0.000000
$EndPAD
$EndMODULE  Space3

$MODULE Space4
footprint ScottoKeebs_Hotswap:Hotswap_MX_1.50u
attribut smd
position 195.708000 164.550000  orientation 0.00
layer front
$PAD ""
Shape Circle Layer both
position -5.080000  0.000000  size  1.750000  1.750000  orientation 0.00
drill  1.750000
shape_offset  0.000000  0.000000
$EndPAD
$PAD ""
Shape Circle Layer both
position -3.810000 -2.540000  size  3.050000  3.050000  orientation 0.00
drill  3.050000
shape_offset  0.000000  0.000000
$EndPAD
$PAD ""
Shape Circle Layer both
position  0.000000  0.000000  size  4.000000  4.000000  orientation 0.00
drill  4.000000
shape_offset  0.000000  0.000000
$EndPAD
$PAD ""
Shape Circle Layer both
position  2.540000 -5.080000  size  3.050000  3.050000  orientation 0.00
drill  3.050000
shape_offset  0.000000  0.000000
$EndPAD
$PAD ""
Shape Circle Layer both
position  5.080000  0.000000  size  1.750000  1.750000  orientation 0.00
drill  1.750000
shape_offset  0.000000  0.000000
$EndPAD
$PAD "1"
Shape Roundrect Layer back
position -7.085000 -2.540000  size  2.550000  2.500000  orientation 0.00
drill  0.000000
shape_offset  0.000000  0.000000
$EndPAD
$PAD "2"
Shape Roundrect Layer back
position  5.842000 -5.080000  size  2.550000  2.500000  orientation 0.00
drill  0.000000
shape_offset  0.000000  0.000000
$EndPAD
$EndMODULE  Space4

$MODULE T1
footprint ScottoKeebs_Hotswap:Hotswap_MX_1.00u
attribut smd
position 133.794000 107.400000  orientation 0.00
layer front
$PAD ""
Shape Circle Layer both
position -5.080000  0.000000  size  1.750000  1.750000  orientation 0.00
drill  1.750000
shape_offset  0.000000  0.000000
$EndPAD
$PAD ""
Shape Circle Layer both
position -3.810000 -2.540000  size  3.050000  3.050000  orientation 0.00
drill  3.050000
shape_offset  0.000000  0.000000
$EndPAD
$PAD ""
Shape Circle Layer both
position  0.000000  0.000000  size  4.000000  4.000000  orientation 0.00
drill  4.000000
shape_offset  0.000000  0.000000
$EndPAD
$PAD ""
Shape Circle Layer both
position  2.540000 -5.080000  size  3.050000  3.050000  orientation 0.00
drill  3.050000
shape_offset  0.000000  0.000000
$EndPAD
$PAD ""
Shape Circle Layer both
position  5.080000  0.000000  size  1.750000  1.750000  orientation 0.00
drill  1.750000
shape_offset  0.000000  0.000000
$EndPAD
$PAD "1"
Shape Roundrect Layer back
position -7.085000 -2.540000  size  2.550000  2.500000  orientation 0.00
drill  0.000000
shape_offset  0.000000  0.000000
$EndPAD
$PAD "2"
Shape Roundrect Layer back
position  5.842000 -5.080000  size  2.550000  2.500000  orientation 0.00
drill  0.000000
shape_offset  0.000000  0.000000
$EndPAD
$EndMODULE  T1

$MODULE Tab1
footprint ScottoKeebs_Hotswap:Hotswap_MX_1.50u
attribut smd
position 33.782000 107.400000  orientation 0.00
layer front
$PAD ""
Shape Circle Layer both
position -5.080000  0.000000  size  1.750000  1.750000  orientation 0.00
drill  1.750000
shape_offset  0.000000  0.000000
$EndPAD
$PAD ""
Shape Circle Layer both
position -3.810000 -2.540000  size  3.050000  3.050000  orientation 0.00
drill  3.050000
shape_offset  0.000000  0.000000
$EndPAD
$PAD ""
Shape Circle Layer both
position  0.000000  0.000000  size  4.000000  4.000000  orientation 0.00
drill  4.000000
shape_offset  0.000000  0.000000
$EndPAD
$PAD ""
Shape Circle Layer both
position  2.540000 -5.080000  size  3.050000  3.050000  orientation 0.00
drill  3.050000
shape_offset  0.000000  0.000000
$EndPAD
$PAD ""
Shape Circle Layer both
position  5.080000  0.000000  size  1.750000  1.750000  orientation 0.00
drill  1.750000
shape_offset  0.000000  0.000000
$EndPAD
$PAD "1"
Shape Roundrect Layer back
position -7.085000 -2.540000  size  2.550000  2.500000  orientation 0.00
drill  0.000000
shape_offset  0.000000  0.000000
$EndPAD
$PAD "2"
Shape Roundrect Layer back
position  5.842000 -5.080000  size  2.550000  2.500000  orientation 0.00
drill  0.000000
shape_offset  0.000000  0.000000
$EndPAD
$EndMODULE  Tab1

$MODULE U1
footprint Package_DFN_QFN:QFN-56-1EP_7x7mm_P0.4mm_EP3.2x3.2mm
attribut smd
position 146.042500 45.810000  orientation 0.00
layer front
$PAD ""
Shape Roundrect Layer nocopper
position -0.800000 -0.800000  size  1.290000  1.290000  orientation 0.00
drill  0.000000
shape_offset  0.000000  0.000000
$EndPAD
$PAD ""
Shape Roundrect Layer nocopper
position -0.800000  0.800000  size  1.290000  1.290000  orientation 0.00
drill  0.000000
shape_offset  0.000000  0.000000
$EndPAD
$PAD ""
Shape Roundrect Layer nocopper
position  0.800000 -0.800000  size  1.290000  1.290000  orientation 0.00
drill  0.000000
shape_offset  0.000000  0.000000
$EndPAD
$PAD ""
Shape Roundrect Layer nocopper
position  0.800000  0.800000  size  1.290000  1.290000  orientation 0.00
drill  0.000000
shape_offset  0.000000  0.000000
$EndPAD
$PAD "1"
Shape Roundrect Layer front
position -3.437500 -2.600000  size  0.875000  0.200000  orientation 0.00
drill  0.000000
shape_offset  0.000000  0.000000
$EndPAD
$PAD "2"
Shape Roundrect Layer front
position -3.437500 -2.200000  size  0.875000  0.200000  orientation 0.00
drill  0.000000
shape_offset  0.000000  0.000000
$EndPAD
$PAD "3"
Shape Roundrect Layer front
position -3.437500 -1.800000  size  0.875000  0.200000  orientation 0.00
drill  0.000000
shape_offset  0.000000  0.000000
$EndPAD
$PAD "4"
Shape Roundrect Layer front
position -3.437500 -1.400000  size  0.875000  0.200000  orientation 0.00
drill  0.000000
shape_offset  0.000000  0.000000
$EndPAD
$PAD "5"
Shape Roundrect Layer front
position -3.437500 -1.000000  size  0.875000  0.200000  orientation 0.00
drill  0.000000
shape_offset  0.000000  0.000000
$EndPAD
$PAD "6"
Shape Roundrect Layer front
position -3.437500 -0.600000  size  0.875000  0.200000  orientation 0.00
drill  0.000000
shape_offset  0.000000  0.000000
$EndPAD
$PAD "7"
Shape Roundrect Layer front
position -3.437500 -0.200000  size  0.875000  0.200000  orientation 0.00
drill  0.000000
shape_offset  0.000000  0.000000
$EndPAD
$PAD "8"
Shape Roundrect Layer front
position -3.437500  0.200000  size  0.875000  0.200000  orientation 0.00
drill  0.000000
shape_offset  0.000000  0.000000
$EndPAD
$PAD "9"
Shape Roundrect Layer front
position -3.437500  0.600000  size  0.875000  0.200000  orientation 0.00
drill  0.000000
shape_offset  0.000000  0.000000
$EndPAD
$PAD "10"
Shape Roundrect Layer front
position -3.437500  1.000000  size  0.875000  0.200000  orientation 0.00
drill  0.000000
shape_offset  0.000000  0.000000
$EndPAD
$PAD "11"
Shape Roundrect Layer front
position -3.437500  1.400000  size  0.875000  0.200000  orientation 0.00
drill  0.000000
shape_offset  0.000000  0.000000
$EndPAD
$PAD "12"
Shape Roundrect Layer front
position -3.437500  1.800000  size  0.875000  0.200000  orientation 0.00
drill  0.000000
shape_offset  0.000000  0.000000
$EndPAD
$PAD "13"
Shape Roundrect Layer front
position -3.437500  2.200000  size  0.875000  0.200000  orientation 0.00
drill  0.000000
shape_offset  0.000000  0.000000
$EndPAD
$PAD "14"
Shape Roundrect Layer front
position -3.437500  2.600000  size  0.875000  0.200000  orientation 0.00
drill  0.000000
shape_offset  0.000000  0.000000
$EndPAD
$PAD "15"
Shape Roundrect Layer front
position -2.600000  3.437500  size  0.200000  0.875000  orientation 0.00
drill  0.000000
shape_offset  0.000000  0.000000
$EndPAD
$PAD "16"
Shape Roundrect Layer front
position -2.200000  3.437500  size  0.200000  0.875000  orientation 0.00
drill  0.000000
shape_offset  0.000000  0.000000
$EndPAD
$PAD "17"
Shape Roundrect Layer front
position -1.800000  3.437500  size  0.200000  0.875000  orientation 0.00
drill  0.000000
shape_offset  0.000000  0.000000
$EndPAD
$PAD "18"
Shape Roundrect Layer front
position -1.400000  3.437500  size  0.200000  0.875000  orientation 0.00
drill  0.000000
shape_offset  0.000000  0.000000
$EndPAD
$PAD "19"
Shape Roundrect Layer front
position -1.000000  3.437500  size  0.200000  0.875000  orientation 0.00
drill  0.000000
shape_offset  0.000000  0.000000
$EndPAD
$PAD "20"
Shape Roundrect Layer front
position -0.600000  3.437500  size  0.200000  0.875000  orientation 0.00
drill  0.000000
shape_offset  0.000000  0.000000
$EndPAD
$PAD "21"
Shape Roundrect Layer front
position -0.200000  3.437500  size  0.200000  0.875000  orientation 0.00
drill  0.000000
shape_offset  0.000000  0.000000
$EndPAD
$PAD "22"
Shape Roundrect Layer front
position  0.200000  3.437500  size  0.200000  0.875000  orientation 0.00
drill  0.000000
shape_offset  0.000000  0.000000
$EndPAD
$PAD "23"
Shape Roundrect Layer front
position  0.600000  3.437500  size  0.200000  0.875000  orientation 0.00
drill  0.000000
shape_offset  0.000000  0.000000
$EndPAD
$PAD "24"
Shape Roundrect Layer front
position  1.000000  3.437500  size  0.200000  0.875000  orientation 0.00
drill  0.000000
shape_offset  0.000000  0.000000
$EndPAD
$PAD "25"
Shape Roundrect Layer front
position  1.400000  3.437500  size  0.200000  0.875000  orientation 0.00
drill  0.000000
shape_offset  0.000000  0.000000
$EndPAD
$PAD "26"
Shape Roundrect Layer front
position  1.800000  3.437500  size  0.200000  0.875000  orientation 0.00
drill  0.000000
shape_offset  0.000000  0.000000
$EndPAD
$PAD "27"
Shape Roundrect Layer front
position  2.200000  3.437500  size  0.200000  0.875000  orientation 0.00
drill  0.000000
shape_offset  0.000000  0.000000
$EndPAD
$PAD "28"
Shape Roundrect Layer front
position  2.600000  3.437500  size  0.200000  0.875000  orientation 0.00
drill  0.000000
shape_offset  0.000000  0.000000
$EndPAD
$PAD "29"
Shape Roundrect Layer front
position  3.437500  2.600000  size  0.875000  0.200000  orientation 0.00
drill  0.000000
shape_offset  0.000000  0.000000
$EndPAD
$PAD "30"
Shape Roundrect Layer front
position  3.437500  2.200000  size  0.875000  0.200000  orientation 0.00
drill  0.000000
shape_offset  0.000000  0.000000
$EndPAD
$PAD "31"
Shape Roundrect Layer front
position  3.437500  1.800000  size  0.875000  0.200000  orientation 0.00
drill  0.000000
shape_offset  0.000000  0.000000
$EndPAD
$PAD "32"
Shape Roundrect Layer front
position  3.437500  1.400000  size  0.875000  0.200000  orientation 0.00
drill  0.000000
shape_offset  0.000000  0.000000
$EndPAD
$PAD "33"
Shape Roundrect Layer front
position  3.437500  1.000000  size  0.875000  0.200000  orientation 0.00
drill  0.000000
shape_offset  0.000000  0.000000
$EndPAD
$PAD "34"
Shape Roundrect Layer front
position  3.437500  0.600000  size  0.875000  0.200000  orientation 0.00
drill  0.000000
shape_offset  0.000000  0.000000
$EndPAD
$PAD "35"
Shape Roundrect Layer front
position  3.437500  0.200000  size  0.875000  0.200000  orientation 0.00
drill  0.000000
shape_offset  0.000000  0.000000
$EndPAD
$PAD "36"
Shape Roundrect Layer front
position  3.437500 -0.200000  size  0.875000  0.200000  orientation 0.00
drill  0.000000
shape_offset  0.000000  0.000000
$EndPAD
$PAD "37"
Shape Roundrect Layer front
position  3.437500 -0.600000  size  0.875000  0.200000  orientation 0.00
drill  0.000000
shape_offset  0.000000  0.000000
$EndPAD
$PAD "38"
Shape Roundrect Layer front
position  3.437500 -1.000000  size  0.875000  0.200000  orientation 0.00
drill  0.000000
shape_offset  0.000000  0.000000
$EndPAD
$PAD "39"
Shape Roundrect Layer front
position  3.437500 -1.400000  size  0.875000  0.200000  orientation 0.00
drill  0.000000
shape_offset  0.000000  0.000000
$EndPAD
$PAD "40"
Shape Roundrect Layer front
position  3.437500 -1.800000  size  0.875000  0.200000  orientation 0.00
drill  0.000000
shape_offset  0.000000  0.000000
$EndPAD
$PAD "41"
Shape Roundrect Layer front
position  3.437500 -2.200000  size  0.875000  0.200000  orientation 0.00
drill  0.000000
shape_offset  0.000000  0.000000
$EndPAD
$PAD "42"
Shape Roundrect Layer front
position  3.437500 -2.600000  size  0.875000  0.200000  orientation 0.00
drill  0.000000
shape_offset  0.000000  0.000000
$EndPAD
$PAD "43"
Shape Roundrect Layer front
position  2.600000 -3.437500  size  0.200000  0.875000  orientation 0.00
drill  0.000000
shape_offset  0.000000  0.000000
$EndPAD
$PAD "44"
Shape Roundrect Layer front
position  2.200000 -3.437500  size  0.200000  0.875000  orientation 0.00
drill  0.000000
shape_offset  0.000000  0.000000
$EndPAD
$PAD "45"
Shape Roundrect Layer front
position  1.800000 -3.437500  size  0.200000  0.875000  orientation 0.00
drill  0.000000
shape_offset  0.000000  0.000000
$EndPAD
$PAD "46"
Shape Roundrect Layer front
position  1.400000 -3.437500  size  0.200000  0.875000  orientation 0.00
drill  0.000000
shape_offset  0.000000  0.000000
$EndPAD
$PAD "47"
Shape Roundrect Layer front
position  1.000000 -3.437500  size  0.200000  0.875000  orientation 0.00
drill  0.000000
shape_offset  0.000000  0.000000
$EndPAD
$PAD "48"
Shape Roundrect Layer front
position  0.600000 -3.437500  size  0.200000  0.875000  orientation 0.00
drill  0.000000
shape_offset  0.000000  0.000000
$EndPAD
$PAD "49"
Shape Roundrect Layer front
position  0.200000 -3.437500  size  0.200000  0.875000  orientation 0.00
drill  0.000000
shape_offset  0.000000  0.000000
$EndPAD
$PAD "50"
Shape Roundrect Layer front
position -0.200000 -3.437500  size  0.200000  0.875000  orientation 0.00
drill  0.000000
shape_offset  0.000000  0.000000
$EndPAD
$PAD "51"
Shape Roundrect Layer front
position -0.600000 -3.437500  size  0.200000  0.875000  orientation 0.00
drill  0.000000
shape_offset  0.000000  0.000000
$EndPAD
$PAD "52"
Shape Roundrect Layer front
position -1.000000 -3.437500  size  0.200000  0.875000  orientation 0.00
drill  0.000000
shape_offset  0.000000  0.000000
$EndPAD
$PAD "53"
Shape Roundrect Layer front
position -1.400000 -3.437500  size  0.200000  0.875000  orientation 0.00
drill  0.000000
shape_offset  0.000000  0.000000
$EndPAD
$PAD "54"
Shape Roundrect Layer front
position -1.800000 -3.437500  size  0.200000  0.875000  orientation 0.00
drill  0.000000
shape_offset  0.000000  0.000000
$EndPAD
$PAD "55"
Shape Roundrect Layer front
position -2.200000 -3.437500  size  0.200000  0.875000  orientation 0.00
drill  0.000000
shape_offset  0.000000  0.000000
$EndPAD
$PAD "56"
Shape Roundrect Layer front
position -2.600000 -3.437500  size  0.200000  0.875000  orientation 0.00
drill  0.000000
shape_offset  0.000000  0.000000
$EndPAD
$PAD "57"
Shape Rect Layer front
position  0.000000  0.000000  size  3.200000  3.200000  orientation 0.00
drill  0.000000
shape_offset  0.000000  0.000000
$EndPAD
$EndMODULE  U1

$MODULE U3
footprint Package_SO:SOIC-8_5.3x5.3mm_P1.27mm
attribut smd
position 129.997500 45.270000  orientation -90.00
layer front
$PAD "1"
Shape Roundrect Layer front
position -3.587500 -1.905000  size  1.625000  0.650000  orientation 360.00
drill  0.000000
shape_offset  0.000000  0.000000
$EndPAD
$PAD "2"
Shape Roundrect Layer front
position -3.587500 -0.635000  size  1.625000  0.650000  orientation 360.00
drill  0.000000
shape_offset  0.000000  0.000000
$EndPAD
$PAD "3"
Shape Roundrect Layer front
position -3.587500  0.635000  size  1.625000  0.650000  orientation 360.00
drill  0.000000
shape_offset  0.000000  0.000000
$EndPAD
$PAD "4"
Shape Roundrect Layer front
position -3.587500  1.905000  size  1.625000  0.650000  orientation 360.00
drill  0.000000
shape_offset  0.000000  0.000000
$EndPAD
$PAD "5"
Shape Roundrect Layer front
position  3.587500  1.905000  size  1.625000  0.650000  orientation 360.00
drill  0.000000
shape_offset  0.000000  0.000000
$EndPAD
$PAD "6"
Shape Roundrect Layer front
position  3.587500  0.635000  size  1.625000  0.650000  orientation 360.00
drill  0.000000
shape_offset  0.000000  0.000000
$EndPAD
$PAD "7"
Shape Roundrect Layer front
position  3.587500 -0.635000  size  1.625000  0.650000  orientation 360.00
drill  0.000000
shape_offset  0.000000  0.000000
$EndPAD
$PAD "8"
Shape Roundrect Layer front
position  3.587500 -1.905000  size  1.625000  0.650000  orientation 360.00
drill  0.000000
shape_offset  0.000000  0.000000
$EndPAD
$EndMODULE  U3

$MODULE U4
footprint Package_TO_SOT_SMD:SOT-223-3_TabPin2
attribut smd
position 212.802500 23.020000  orientation -90.00
layer front
$PAD "1"
Shape Roundrect Layer front
position -3.150000 -2.300000  size  2.000000  1.500000  orientation 360.00
drill  0.000000
shape_offset  0.000000  0.000000
$EndPAD
$PAD "2"
Shape Roundrect Layer front
position  3.150000  0.000000  size  2.000000  3.800000  orientation 360.00
drill  0.000000
shape_offset  0.000000  0.000000
$EndPAD
$PAD "2"
Shape Roundrect Layer front
position -3.150000  0.000000  size  2.000000  1.500000  orientation 360.00
drill  0.000000
shape_offset  0.000000  0.000000
$EndPAD
$PAD "3"
Shape Roundrect Layer front
position -3.150000  2.300000  size  2.000000  1.500000  orientation 360.00
drill  0.000000
shape_offset  0.000000  0.000000
$EndPAD
$EndMODULE  U4

$MODULE UKey1
footprint ScottoKeebs_Hotswap:Hotswap_MX_1.00u
attribut smd
position 171.894000 107.400000  orientation 0.00
layer front
$PAD ""
Shape Circle Layer both
position -5.080000  0.000000  size  1.750000  1.750000  orientation 0.00
drill  1.750000
shape_offset  0.000000  0.000000
$EndPAD
$PAD ""
Shape Circle Layer both
position -3.810000 -2.540000  size  3.050000  3.050000  orientation 0.00
drill  3.050000
shape_offset  0.000000  0.000000
$EndPAD
$PAD ""
Shape Circle Layer both
position  0.000000  0.000000  size  4.000000  4.000000  orientation 0.00
drill  4.000000
shape_offset  0.000000  0.000000
$EndPAD
$PAD ""
Shape Circle Layer both
position  2.540000 -5.080000  size  3.050000  3.050000  orientation 0.00
drill  3.050000
shape_offset  0.000000  0.000000
$EndPAD
$PAD ""
Shape Circle Layer both
position  5.080000  0.000000  size  1.750000  1.750000  orientation 0.00
drill  1.750000
shape_offset  0.000000  0.000000
$EndPAD
$PAD "1"
Shape Roundrect Layer back
position -7.085000 -2.540000  size  2.550000  2.500000  orientation 0.00
drill  0.000000
shape_offset  0.000000  0.000000
$EndPAD
$PAD "2"
Shape Roundrect Layer back
position  5.842000 -5.080000  size  2.550000  2.500000  orientation 0.00
drill  0.000000
shape_offset  0.000000  0.000000
$EndPAD
$EndMODULE  UKey1

$MODULE UP1
footprint ScottoKeebs_Hotswap:Hotswap_MX_1.00u
attribut smd
position 276.671000 164.550000  orientation 0.00
layer front
$PAD ""
Shape Circle Layer both
position -5.080000  0.000000  size  1.750000  1.750000  orientation 0.00
drill  1.750000
shape_offset  0.000000  0.000000
$EndPAD
$PAD ""
Shape Circle Layer both
position -3.810000 -2.540000  size  3.050000  3.050000  orientation 0.00
drill  3.050000
shape_offset  0.000000  0.000000
$EndPAD
$PAD ""
Shape Circle Layer both
position  0.000000  0.000000  size  4.000000  4.000000  orientation 0.00
drill  4.000000
shape_offset  0.000000  0.000000
$EndPAD
$PAD ""
Shape Circle Layer both
position  2.540000 -5.080000  size  3.050000  3.050000  orientation 0.00
drill  3.050000
shape_offset  0.000000  0.000000
$EndPAD
$PAD ""
Shape Circle Layer both
position  5.080000  0.000000  size  1.750000  1.750000  orientation 0.00
drill  1.750000
shape_offset  0.000000  0.000000
$EndPAD
$PAD "1"
Shape Roundrect Layer back
position -7.085000 -2.540000  size  2.550000  2.500000  orientation 0.00
drill  0.000000
shape_offset  0.000000  0.000000
$EndPAD
$PAD "2"
Shape Roundrect Layer back
position  5.842000 -5.080000  size  2.550000  2.500000  orientation 0.00
drill  0.000000
shape_offset  0.000000  0.000000
$EndPAD
$EndMODULE  UP1

$MODULE W1
footprint ScottoKeebs_Hotswap:Hotswap_MX_1.00u
attribut smd
position 76.644000 107.400000  orientation 0.00
layer front
$PAD ""
Shape Circle Layer both
position -5.080000  0.000000  size  1.750000  1.750000  orientation 0.00
drill  1.750000
shape_offset  0.000000  0.000000
$EndPAD
$PAD ""
Shape Circle Layer both
position -3.810000 -2.540000  size  3.050000  3.050000  orientation 0.00
drill  3.050000
shape_offset  0.000000  0.000000
$EndPAD
$PAD ""
Shape Circle Layer both
position  0.000000  0.000000  size  4.000000  4.000000  orientation 0.00
drill  4.000000
shape_offset  0.000000  0.000000
$EndPAD
$PAD ""
Shape Circle Layer both
position  2.540000 -5.080000  size  3.050000  3.050000  orientation 0.00
drill  3.050000
shape_offset  0.000000  0.000000
$EndPAD
$PAD ""
Shape Circle Layer both
position  5.080000  0.000000  size  1.750000  1.750000  orientation 0.00
drill  1.750000
shape_offset  0.000000  0.000000
$EndPAD
$PAD "1"
Shape Roundrect Layer back
position -7.085000 -2.540000  size  2.550000  2.500000  orientation 0.00
drill  0.000000
shape_offset  0.000000  0.000000
$EndPAD
$PAD "2"
Shape Roundrect Layer back
position  5.842000 -5.080000  size  2.550000  2.500000  orientation 0.00
drill  0.000000
shape_offset  0.000000  0.000000
$EndPAD
$EndMODULE  W1

$MODULE Y1
footprint Crystal:Crystal_SMD_3225-4Pin_3.2x2.5mm
attribut smd
position 143.700000 54.360000  orientation 0.00
layer front
$PAD "1"
Shape Roundrect Layer front
position -1.100000  0.850000  size  1.400000  1.200000  orientation 0.00
drill  0.000000
shape_offset  0.000000  0.000000
$EndPAD
$PAD "2"
Shape Roundrect Layer front
position  1.100000  0.850000  size  1.400000  1.200000  orientation 0.00
drill  0.000000
shape_offset  0.000000  0.000000
$EndPAD
$PAD "3"
Shape Roundrect Layer front
position  1.100000 -0.850000  size  1.400000  1.200000  orientation 0.00
drill  0.000000
shape_offset  0.000000  0.000000
$EndPAD
$PAD "4"
Shape Roundrect Layer front
position -1.100000 -0.850000  size  1.400000  1.200000  orientation 0.00
drill  0.000000
shape_offset  0.000000  0.000000
$EndPAD
$EndMODULE  Y1

$MODULE Y2
footprint Crystal:Crystal_SMD_3225-4Pin_3.2x2.5mm
attribut smd
position 164.020000 40.140000  orientation 180.00
layer front
$PAD "1"
Shape Roundrect Layer front
position -1.100000  0.850000  size  1.400000  1.200000  orientation 0.00
drill  0.000000
shape_offset  0.000000  0.000000
$EndPAD
$PAD "2"
Shape Roundrect Layer front
position  1.100000  0.850000  size  1.400000  1.200000  orientation 0.00
drill  0.000000
shape_offset  0.000000  0.000000
$EndPAD
$PAD "3"
Shape Roundrect Layer front
position  1.100000 -0.850000  size  1.400000  1.200000  orientation 0.00
drill  0.000000
shape_offset  0.000000  0.000000
$EndPAD
$PAD "4"
Shape Roundrect Layer front
position -1.100000 -0.850000  size  1.400000  1.200000  orientation 0.00
drill  0.000000
shape_offset  0.000000  0.000000
$EndPAD
$EndMODULE  Y2

$MODULE YKey11
footprint ScottoKeebs_Hotswap:Hotswap_MX_1.00u
attribut smd
position 152.844000 107.400000  orientation 0.00
layer front
$PAD ""
Shape Circle Layer both
position -5.080000  0.000000  size  1.750000  1.750000  orientation 0.00
drill  1.750000
shape_offset  0.000000  0.000000
$EndPAD
$PAD ""
Shape Circle Layer both
position -3.810000 -2.540000  size  3.050000  3.050000  orientation 0.00
drill  3.050000
shape_offset  0.000000  0.000000
$EndPAD
$PAD ""
Shape Circle Layer both
position  0.000000  0.000000  size  4.000000  4.000000  orientation 0.00
drill  4.000000
shape_offset  0.000000  0.000000
$EndPAD
$PAD ""
Shape Circle Layer both
position  2.540000 -5.080000  size  3.050000  3.050000  orientation 0.00
drill  3.050000
shape_offset  0.000000  0.000000
$EndPAD
$PAD ""
Shape Circle Layer both
position  5.080000  0.000000  size  1.750000  1.750000  orientation 0.00
drill  1.750000
shape_offset  0.000000  0.000000
$EndPAD
$PAD "1"
Shape Roundrect Layer back
position -7.085000 -2.540000  size  2.550000  2.500000  orientation 0.00
drill  0.000000
shape_offset  0.000000  0.000000
$EndPAD
$PAD "2"
Shape Roundrect Layer back
position  5.842000 -5.080000  size  2.550000  2.500000  orientation 0.00
drill  0.000000
shape_offset  0.000000  0.000000
$EndPAD
$EndMODULE  YKey11

$MODULE [{1
footprint ScottoKeebs_Hotswap:Hotswap_MX_1.00u
attribut smd
position 248.094000 107.400000  orientation 0.00
layer front
$PAD ""
Shape Circle Layer both
position -5.080000  0.000000  size  1.750000  1.750000  orientation 0.00
drill  1.750000
shape_offset  0.000000  0.000000
$EndPAD
$PAD ""
Shape Circle Layer both
position -3.810000 -2.540000  size  3.050000  3.050000  orientation 0.00
drill  3.050000
shape_offset  0.000000  0.000000
$EndPAD
$PAD ""
Shape Circle Layer both
position  0.000000  0.000000  size  4.000000  4.000000  orientation 0.00
drill  4.000000
shape_offset  0.000000  0.000000
$EndPAD
$PAD ""
Shape Circle Layer both
position  2.540000 -5.080000  size  3.050000  3.050000  orientation 0.00
drill  3.050000
shape_offset  0.000000  0.000000
$EndPAD
$PAD ""
Shape Circle Layer both
position  5.080000  0.000000  size  1.750000  1.750000  orientation 0.00
drill  1.750000
shape_offset  0.000000  0.000000
$EndPAD
$PAD "1"
Shape Roundrect Layer back
position -7.085000 -2.540000  size  2.550000  2.500000  orientation 0.00
drill  0.000000
shape_offset  0.000000  0.000000
$EndPAD
$PAD "2"
Shape Roundrect Layer back
position  5.842000 -5.080000  size  2.550000  2.500000  orientation 0.00
drill  0.000000
shape_offset  0.000000  0.000000
$EndPAD
$EndMODULE  [{1

$MODULE \|1
footprint ScottoKeebs_Hotswap:Hotswap_MX_1.50u
attribut smd
position 290.958000 107.400000  orientation 0.00
layer front
$PAD ""
Shape Circle Layer both
position -5.080000  0.000000  size  1.750000  1.750000  orientation 0.00
drill  1.750000
shape_offset  0.000000  0.000000
$EndPAD
$PAD ""
Shape Circle Layer both
position -3.810000 -2.540000  size  3.050000  3.050000  orientation 0.00
drill  3.050000
shape_offset  0.000000  0.000000
$EndPAD
$PAD ""
Shape Circle Layer both
position  0.000000  0.000000  size  4.000000  4.000000  orientation 0.00
drill  4.000000
shape_offset  0.000000  0.000000
$EndPAD
$PAD ""
Shape Circle Layer both
position  2.540000 -5.080000  size  3.050000  3.050000  orientation 0.00
drill  3.050000
shape_offset  0.000000  0.000000
$EndPAD
$PAD ""
Shape Circle Layer both
position  5.080000  0.000000  size  1.750000  1.750000  orientation 0.00
drill  1.750000
shape_offset  0.000000  0.000000
$EndPAD
$PAD "1"
Shape Roundrect Layer back
position -7.085000 -2.540000  size  2.550000  2.500000  orientation 0.00
drill  0.000000
shape_offset  0.000000  0.000000
$EndPAD
$PAD "2"
Shape Roundrect Layer back
position  5.842000 -5.080000  size  2.550000  2.500000  orientation 0.00
drill  0.000000
shape_offset  0.000000  0.000000
$EndPAD
$EndMODULE  \|1

$MODULE ]}1
footprint ScottoKeebs_Hotswap:Hotswap_MX_1.00u
attribut smd
position 267.144000 107.400000  orientation 0.00
layer front
$PAD ""
Shape Circle Layer both
position -5.080000  0.000000  size  1.750000  1.750000  orientation 0.00
drill  1.750000
shape_offset  0.000000  0.000000
$EndPAD
$PAD ""
Shape Circle Layer both
position -3.810000 -2.540000  size  3.050000  3.050000  orientation 0.00
drill  3.050000
shape_offset  0.000000  0.000000
$EndPAD
$PAD ""
Shape Circle Layer both
position  0.000000  0.000000  size  4.000000  4.000000  orientation 0.00
drill  4.000000
shape_offset  0.000000  0.000000
$EndPAD
$PAD ""
Shape Circle Layer both
position  2.540000 -5.080000  size  3.050000  3.050000  orientation 0.00
drill  3.050000
shape_offset  0.000000  0.000000
$EndPAD
$PAD ""
Shape Circle Layer both
position  5.080000  0.000000  size  1.750000  1.750000  orientation 0.00
drill  1.750000
shape_offset  0.000000  0.000000
$EndPAD
$PAD "1"
Shape Roundrect Layer back
position -7.085000 -2.540000  size  2.550000  2.500000  orientation 0.00
drill  0.000000
shape_offset  0.000000  0.000000
$EndPAD
$PAD "2"
Shape Roundrect Layer back
position  5.842000 -5.080000  size  2.550000  2.500000  orientation 0.00
drill  0.000000
shape_offset  0.000000  0.000000
$EndPAD
$EndMODULE  ]}1

$MODULE `~1
footprint ScottoKeebs_Hotswap:Hotswap_MX_1.00u
attribut smd
position 29.020000 88.350000  orientation 0.00
layer front
$PAD ""
Shape Circle Layer both
position -5.080000  0.000000  size  1.750000  1.750000  orientation 0.00
drill  1.750000
shape_offset  0.000000  0.000000
$EndPAD
$PAD ""
Shape Circle Layer both
position -3.810000 -2.540000  size  3.050000  3.050000  orientation 0.00
drill  3.050000
shape_offset  0.000000  0.000000
$EndPAD
$PAD ""
Shape Circle Layer both
position  0.000000  0.000000  size  4.000000  4.000000  orientation 0.00
drill  4.000000
shape_offset  0.000000  0.000000
$EndPAD
$PAD ""
Shape Circle Layer both
position  2.540000 -5.080000  size  3.050000  3.050000  orientation 0.00
drill  3.050000
shape_offset  0.000000  0.000000
$EndPAD
$PAD ""
Shape Circle Layer both
position  5.080000  0.000000  size  1.750000  1.750000  orientation 0.00
drill  1.750000
shape_offset  0.000000  0.000000
$EndPAD
$PAD "1"
Shape Roundrect Layer back
position -7.085000 -2.540000  size  2.550000  2.500000  orientation 0.00
drill  0.000000
shape_offset  0.000000  0.000000
$EndPAD
$PAD "2"
Shape Roundrect Layer back
position  5.842000 -5.080000  size  2.550000  2.500000  orientation 0.00
drill  0.000000
shape_offset  0.000000  0.000000
$EndPAD
$EndMODULE  `~1

$MODULE `~D1
footprint Diode_SMD:D_SMA
attribut smd
position 36.350000 94.050000  orientation 90.00
layer back
$PAD "1"
Shape Roundrect Layer back
position -2.000000  0.000000  size  2.500000  1.800000  orientation 0.00
drill  0.000000
shape_offset  0.000000  0.000000
$EndPAD
$PAD "2"
Shape Roundrect Layer back
position  2.000000  0.000000  size  2.500000  1.800000  orientation 0.00
drill  0.000000
shape_offset  0.000000  0.000000
$EndPAD
$EndMODULE  `~D1

$EndDESCRIPTION
